IDORDER;ORDERDATE;QUANTITYORDERED;SALES;PRICEEACH
1;02/24/2019;30;2871;95,7
2;05/07/2019;34;2765,9;81,35
3;07/01/2019;41;3884,34;94,74
4;08/25/2019;45;3746,7;83,26
5;10/10/2019;49;5205,27;100
6;10/28/2019;36;3479,76;96,66
7;11/11/2019;29;2497,77;86,13
8;11/18/2019;48;5512,32;100
9;12/01/2019;22;2168,54;98,57
10;01/15/2020;41;4708,44;100
11;02/20/2020;37;3965,66;100
12;04/05/2020;23;2333,12;100
13;05/18/2020;28;3188,64;100
14;06/28/2020;34;3676,76;100
15;07/23/2020;45;4177,35;92,83
16;08/27/2020;36;4099,68;100
17;09/30/2020;23;2597,39;100
18;10/15/2020;41;4394,38;100
19;11/02/2020;46;4358,04;94,74
20;11/15/2020;42;4396,14;100
21;11/24/2020;41;7737,93;100
22;12/17/2020;20;1451;72,55
23;02/03/2021;21;733,11;34,91
24;03/03/2021;42;3207,12;76,36
25;04/08/2021;24;2434,56;100
26;05/13/2021;66;7516,08;100
27;01/29/2019;26;5404,62;100
28;03/24/2019;29;7209,11;100
29;05/28/2019;38;7329,06;100
30;07/24/2019;37;7374,1;100
31;09/19/2019;45;10993,5;100
32;10/20/2019;21;4860,24;100
33;11/06/2019;34;8014,82;100
34;11/13/2019;23;5372,57;100
35;11/25/2019;42;7290,36;100
36;12/05/2019;47;9064,89;100
37;01/29/2020;35;6075,3;100
38;03/10/2020;29;6463,23;100
39;05/04/2020;34;6120,34;100
40;06/15/2020;32;7680,64;100
41;07/19/2020;21;4905,39;100
42;08/17/2020;34;8014,82;100
43;09/08/2020;37;7136,19;100
44;10/11/2020;47;10172,7;100
45;10/21/2020;48;11623,7;100
46;11/04/2020;40;6000,4;100
47;11/18/2020;26;3003;100
48;11/29/2020;30;3944,7;100
49;12/10/2020;32;5691,84;100
50;01/20/2021;41;4514,92;100
51;02/17/2021;36;8254,8;100
52;03/09/2021;24;2416,56;100
53;05/01/2021;23;4140,23;100
54;05/31/2021;50;12001;100
55;02/24/2019;39;3896,49;99,91
56;04/29/2019;29;2793,86;96,34
57;07/01/2019;27;3307,77;100
58;08/25/2019;37;5192,95;100
59;10/10/2019;37;5016,83;100
60;10/28/2019;27;3660,93;100
61;11/11/2019;42;4695,6;100
62;11/18/2019;38;3660,92;96,34
63;12/01/2019;24;3025,92;100
64;01/12/2020;23;3009,09;100
65;02/20/2020;47;5422,39;100
66;04/03/2020;22;2852,08;100
67;05/18/2020;44;5756,52;100
68;06/28/2020;40;4472;100
69;07/23/2020;22;2904,44;100
70;08/27/2020;47;6484,59;100
71;09/27/2020;39;3757,26;96,34
72;10/15/2020;34;4043,96;100
73;11/02/2020;45;5566,5;100
74;11/15/2020;20;3176;100
75;11/23/2020;40;2756,8;68,92
76;12/17/2020;26;1329,9;51,15
77;02/02/2021;39;5288,01;100
78;03/03/2021;50;2225,5;44,51
79;04/07/2021;45;5833,8;100
80;05/13/2021;45;5887,35;100
81;02/24/2019;27;6065,55;100
82;04/29/2019;46;9264,86;100
83;07/01/2019;31;7023,98;100
84;08/25/2019;33;5176,38;100
85;10/10/2019;22;4132,7;100
86;10/28/2019;20;4183;100
87;11/11/2019;41;8892,9;100
88;11/18/2019;45;8714,7;100
89;12/01/2019;49;8065,89;100
90;01/12/2020;34;6123,4;100
91;02/20/2020;49;9774,03;100
92;04/05/2020;39;7023,9;100
93;05/18/2020;43;7078,23;100
94;06/28/2020;41;8336,94;100
95;07/23/2020;36;6901,92;100
96;08/27/2020;27;5438,07;100
97;09/30/2020;29;6683,34;100
98;10/15/2020;20;4570,4;100
99;11/02/2020;37;7667,14;100
100;11/15/2020;26;5868,2;100
101;11/23/2020;39;2990,13;76,67
102;01/05/2021;22;3664,1;100
103;02/02/2021;22;3834,38;100
104;03/03/2021;21;1822,17;86,77
105;04/08/2021;66;11886,6;100
106;05/13/2021;56;9218,16;100
107;02/11/2019;50;7208;100
108;04/28/2019;46;5004,8;100
109;06/12/2019;33;4398,24;100
110;08/10/2019;49;5597,76;100
111;10/06/2019;32;4526,08;100
112;10/23/2019;44;5924,16;100
113;11/08/2019;24;3492,48;100
114;11/14/2019;26;3854,24;100
115;11/26/2019;45;5324,4;100
116;01/09/2020;39;5197,92;100
117;02/19/2020;49;5997,6;100
118;05/07/2020;20;2910,4;100
119;06/17/2020;27;3378,24;100
120;07/21/2020;30;3508,8;100
121;08/20/2020;25;2992;100
122;09/10/2020;24;3427,2;100
123;10/14/2020;22;2692,8;100
124;11/01/2020;33;4128,96;100
125;11/05/2020;47;3051,71;64,93
126;11/21/2020;25;1201,25;48,05
127;12/02/2020;26;1962,22;75,47
128;12/15/2020;48;2624,64;54,68
129;01/31/2021;39;4046,25;100
130;02/23/2021;34;4846,7;100
131;03/17/2021;32;3370,56;100
132;04/01/2021;64;9661,44;100
133;05/06/2021;19;2764,88;100
134;01/29/2019;42;5398,26;100
135;04/01/2019;31;4305,28;100
136;05/28/2019;22;3347,74;100
137;07/24/2019;26;3188,12;100
138;09/19/2019;20;3191,2;100
139;10/21/2019;21;3536,82;100
140;11/06/2019;33;5362,83;100
141;11/13/2019;28;3433,36;100
142;11/25/2019;26;4263,74;100
143;12/09/2019;31;4076,19;100
144;02/04/2020;48;7020,48;100
145;03/11/2020;50;6426,5;100
146;05/04/2020;28;4591,72;100
147;06/15/2020;26;4033,38;100
148;07/19/2020;32;4302,08;100
149;08/19/2020;44;7020,64;100
150;09/08/2020;30;3855,9;100
151;10/13/2020;38;6680,78;100
152;10/22/2020;40;6678;100
153;11/04/2020;46;2851,54;61,99
154;11/19/2020;26;3188,12;100
155;11/29/2020;27;4428;100
156;12/10/2020;43;5780,92;100
157;01/20/2021;35;2297,05;65,63
158;02/17/2021;37;6231,54;100
159;03/09/2021;37;1735,3;46,9
160;05/01/2021;27;4427,73;100
161;05/31/2021;38;5894,94;100
162;03/03/2019;33;5265,15;100
163;05/08/2019;42;7599,9;100
164;07/02/2019;42;8008,56;100
165;09/05/2019;48;9245,76;100
166;10/10/2019;41;8296,35;100
167;11/04/2019;30;5019,9;100
168;11/12/2019;27;5411,07;100
169;11/20/2019;21;3840,9;100
170;12/02/2019;20;3930,4;100
171;01/15/2020;41;7498,9;100
172;02/22/2020;27;4517,91;100
173;04/09/2020;28;5774,72;100
174;06/01/2020;24;3922,56;100
175;07/06/2020;44;9160,36;100
176;08/02/2020;50;9631;100
177;08/30/2020;21;3432,24;100
178;10/04/2019;33;5521,89;100
179;10/16/2020;33;6934,62;100
180;11/03/2020;31;6876,11;100
181;11/15/2020;41;2930,27;71,47
182;11/24/2020;45;3584,25;79,65
183;01/06/2021;33;2817,87;85,39
184;02/03/2021;45;3420;76
185;03/03/2021;26;2575,04;99,04
186;05/17/2021;12;1961,28;100
187;02/11/2019;41;8690,36;100
188;04/16/2019;33;6034,38;100
189;06/03/2019;46;11279,2;100
190;08/08/2019;33;8023,29;100
191;09/28/2019;20;4904;100
192;10/22/2019;44;8594,52;100
193;11/06/2019;33;7474,5;100
194;11/14/2019;21;3883,74;100
195;11/26/2019;47;8887,7;100
196;01/02/2020;46;8602,92;100
197;02/12/2020;32;7181,44;100
198;03/19/2020;42;8378,58;100
199;05/05/2020;44;10606,2;100
200;07/20/2020;35;5818,4;100
201;08/20/2020;41;7071,27;100
202;09/09/2020;46;8411,56;100
203;10/14/2020;31;6570,76;100
204;10/22/2020;38;7975,44;100
205;11/05/2020;42;2688;64
206;11/20/2020;33;1888,26;57,22
207;11/01/2020;48;2513,28;52,36
208;12/15/2020;42;4764,48;100
209;01/23/2021;32;3560,64;100
210;02/17/2021;34;3823,64;100
211;03/17/2021;33;2280,96;69,12
212;05/05/2021;36;8677,8;100
213;01/29/2019;27;3394,98;100
214;03/26/2019;21;3415,44;100
215;05/28/2019;21;2439,57;100
216;07/24/2019;38;4829,8;100
217;09/19/2019;30;4100,1;100
218;10/21/2019;49;6563,06;100
219;11/06/2019;43;6817,22;100
220;11/13/2019;41;6163,94;100
221;11/25/2019;38;4933,92;100
222;12/05/2019;28;4056,36;100
223;02/02/2020;43;5759,42;100
224;03/11/2020;25;3451;100
225;05/04/2020;38;5920,4;100
226;06/15/2020;41;6668,24;100
227;07/19/2020;28;4094,72;100
228;08/19/2020;25;2938,5;100
229;09/08/2020;41;6387,8;100
230;10/11/2020;39;6396;100
231;10/22/2020;21;2669,1;100
232;11/04/2020;27;4784,13;100
233;11/18/2020;33;3273,93;99,21
234;11/29/2020;29;3586,43;100
235;12/10/2020;49;5960,36;100
236;01/20/2021;49;8470,14;100
237;02/17/2021;20;2952;100
238;03/09/2021;39;2464,8;63,2
239;05/01/2021;40;6232;100
240;05/31/2021;49;7969,36;100
241;02/24/2019;21;3036,6;100
242;05/07/2019;50;8284;100
243;07/01/2019;20;2711,2;100
244;08/25/2019;49;8339,8;100
245;10/10/2019;38;6238,84;100
246;11/04/2019;35;4639,25;100
247;11/11/2019;40;6747,6;100
248;11/18/2019;28;4512,48;100
249;12/01/2019;25;4029;100
250;01/15/2020;36;4771,8;100
251;02/21/2020;43;6087,94;100
252;04/05/2020;32;4193,28;100
253;05/18/2020;46;7552,28;100
254;06/28/2020;48;6434,4;100
255;08/02/2020;43;5181,5;100
256;08/27/2020;49;6863,92;100
257;09/30/2020;24;4157,04;100
258;10/15/2020;26;4660,24;100
259;11/03/2020;30;4111,8;100
260;11/15/2020;24;3542,64;100
261;11/24/2020;55;8118,55;100
262;01/05/2021;22;3877,06;100
263;02/03/2021;49;3867,08;78,92
264;03/03/2021;44;5951,44;100
265;04/08/2021;66;8648,64;100
266;05/13/2021;21;3447,78;100
267;01/31/2019;34;5958,5;100
268;04/16/2019;43;5911,64;100
269;06/03/2019;46;7366,44;100
270;08/08/2019;33;4985,64;100
271;09/28/2019;42;5393,64;100
272;10/22/2019;34;4880,02;100
273;11/06/2019;47;8378,69;100
274;11/14/2019;33;4038,21;100
275;11/26/2019;24;3807,12;100
276;01/02/2020;26;3142,36;100
277;02/12/2020;30;4713,6;100
278;03/15/2020;43;7016,31;100
279;05/05/2020;25;4381,25;100
280;07/20/2020;27;4283,01;100
281;08/20/2020;27;4364,82;100
282;09/09/2020;24;4242,24;100
283;10/14/2020;34;4982,7;100
284;10/22/2020;46;6393,54;100
285;11/05/2020;27;1466,91;54,33
286;11/20/2020;33;4059,33;100
287;11/01/2020;47;4801,52;100
288;12/10/2020;49;2711,66;55,34
289;01/26/2021;40;5862;100
290;02/17/2021;37;4071,85;100
291;05/05/2021;47;8236,75;100
292;03/03/2019;45;6130,35;100
293;05/08/2019;37;3693,34;99,82
294;07/02/2019;48;6031,68;100
295;09/05/2019;31;3494,94;100
296;10/11/2019;46;5294,14;100
297;11/04/2019;47;5464,69;100
298;11/12/2019;28;2860,76;100
299;11/20/2019;40;5590;100
300;12/02/2019;20;2254,8;100
301;01/16/2020;39;4946,76;100
302;02/22/2020;25;2495,5;99,82
303;04/09/2020;29;3167,38;100
304;06/01/2020;22;2402,84;100
305;07/06/2020;22;2454,54;100
306;08/02/2020;47;5464,69;100
307;08/30/2020;45;4756,5;100
308;10/04/2019;29;3984,6;100
309;10/16/2020;24;3100,32;100
310;11/03/2020;35;4850,3;100
311;11/15/2020;46;3846,98;83,63
312;11/24/2020;44;4220,92;95,93
313;01/06/2021;34;3288,82;96,73
314;02/08/2021;35;3987,2;100
315;03/03/2021;25;1809,5;72,38
316;05/17/2021;10;1092,2;100
317;02/11/2019;29;4566,05;100
318;04/16/2019;39;5938,14;100
319;06/03/2019;42;8138,76;100
320;08/08/2019;46;9470,94;100
321;09/28/2019;49;7036,89;100
322;10/22/2019;27;5559,03;100
323;11/06/2019;50;7872,5;100
324;11/14/2019;43;7886,2;100
325;11/26/2019;38;7232,16;100
326;01/02/2020;20;3114,4;100
327;02/12/2020;27;5045,22;100
328;03/19/2020;49;6952,12;100
329;05/05/2020;27;4157,73;100
330;07/20/2020;39;7962,24;100
331;08/20/2020;24;3778,8;100
332;09/09/2020;45;8253;100
333;10/14/2020;20;3633,4;100
334;10/22/2020;36;6913,8;100
335;11/05/2020;24;2583,6;100
336;11/20/2020;49;3105,62;63,38
337;12/01/2020;26;4408,56;100
338;12/15/2020;49;3042,41;62,09
339;01/26/2021;34;5941,5;100
340;02/17/2021;34;3241,9;95,35
341;03/23/2021;33;6109,29;100
342;05/05/2021;22;3387,78;100
343;03/03/2019;39;3485,82;89,38
344;05/08/2019;32;2042,88;63,84
345;07/02/2019;24;1800,24;75,01
346;09/05/2019;21;1340,64;63,84
347;10/10/2019;24;1762,08;73,42
348;11/04/2019;36;2298,24;63,84
349;11/12/2019;20;1628;81,4
350;11/20/2019;30;1939,2;64,64
351;12/02/2019;44;3651,56;82,99
352;01/15/2020;28;2591,96;92,57
353;02/22/2020;37;2864,17;77,41
354;04/09/2020;20;1484,2;74,21
355;06/01/2020;25;2254,25;90,17
356;07/06/2020;35;2681,35;76,61
357;08/02/2020;38;3184,02;83,79
358;08/30/2020;41;2846,63;69,43
359;10/04/2019;22;1685,42;76,61
360;10/16/2020;49;3988,6;81,4
361;11/03/2020;38;2789,96;73,42
362;11/15/2020;33;3607,56;100
363;11/24/2020;36;3368,16;93,56
364;01/06/2021;34;2775,08;81,62
365;02/09/2021;24;1627,92;67,83
366;03/03/2021;36;2529,36;70,26
367;05/17/2021;34;3065,78;90,17
368;01/31/2019;41;4615,78;100
369;04/04/2019;46;5723,78;100
370;06/03/2019;24;2559,6;100
371;08/01/2019;21;2140,11;100
372;09/21/2019;24;3327,6;100
373;10/22/2019;48;6825,6;100
374;11/06/2019;26;3543,28;100
375;11/14/2019;37;4516,22;100
376;11/25/2019;49;6445,46;100
377;12/09/2019;34;3384,36;99,54
378;02/10/2020;48;4891,68;100
379;03/11/2020;36;4521,96;100
380;05/05/2020;46;5069,66;100
381;06/15/2020;46;6541,2;100
382;07/20/2020;31;3012,27;97,17
383;08/19/2020;41;5247,18;100
384;09/08/2020;21;2214,87;100
385;10/13/2020;38;4773,18;100
386;10/22/2020;45;6185,7;100
387;11/05/2020;26;1517,88;58,38
388;11/20/2020;38;6372,6;100
389;12/01/2020;48;5232,96;100
390;12/10/2020;42;2694,72;64,16
391;01/23/2021;49;1749,79;35,71
392;02/17/2021;32;2130,56;66,58
393;05/03/2021;54;5951,34;100
394;05/31/2021;33;4692,6;100
395;03/03/2019;36;3731,04;100
396;05/08/2019;20;2142;100
397;07/02/2019;29;2838,81;97,89
398;09/05/2019;33;3230,37;97,89
399;10/11/2019;50;5182;100
400;11/04/2019;41;4391,1;100
401;11/12/2019;36;4477,32;100
402;11/20/2019;27;3544,56;100
403;12/02/2019;47;5195,85;100
404;01/16/2020;33;4180,44;100
405;02/22/2020;21;2684,43;100
406;04/12/2020;21;1958,88;93,28
407;06/01/2020;41;4910,57;100
408;07/06/2020;40;4468,4;100
409;08/04/2020;28;3127,88;100
410;08/30/2020;23;2675,13;100
411;10/04/2019;23;2807,61;100
412;10/16/2020;25;2504,75;100
413;11/04/2020;24;2984,88;100
414;11/15/2020;39;2524,86;64,74
415;11/24/2020;55;4136;75,2
416;01/06/2021;46;4068,7;88,45
417;02/09/2021;50;5182;100
418;03/03/2021;47;5243,79;100
419;04/14/2021;97;9048,16;93,28
420;05/17/2021;32;3832,64;100
421;01/29/2019;35;3920;100
422;03/26/2019;49;4916,66;100
423;05/28/2019;38;3857;100
424;07/24/2019;32;4181,44;100
425;09/19/2019;34;4641;100
426;10/21/2019;36;3570,12;99,17
427;11/06/2019;48;4480,32;93,34
428;11/13/2019;21;2033,64;96,84
429;11/25/2019;21;1960,14;93,34
430;12/05/2019;34;3966,78;100
431;01/29/2020;46;5152;100
432;03/10/2020;32;3360;100
433;05/04/2020;29;3451;100
434;06/15/2020;41;5453;100
435;07/19/2020;43;4164,12;96,84
436;08/17/2020;24;2800,08;100
437;09/08/2020;41;4687,94;100
438;10/11/2020;46;4508;98
439;10/21/2020;32;4181,44;100
440;11/04/2020;22;2251,04;100
441;11/18/2020;29;1167,25;40,25
442;11/29/2020;42;2083,2;49,6
443;12/10/2020;39;3822;98
444;01/20/2021;27;3911,49;100
445;02/17/2021;48;4704;98
446;03/09/2021;29;2467,9;85,1
447;05/01/2021;27;3213;100
448;05/31/2021;54;7182;100
449;03/10/2019;26;4379,18;100
450;05/08/2019;34;5004,8;100
451;07/04/2019;25;3644,75;100
452;09/11/2019;23;2702,04;100
453;10/17/2019;28;3764,88;100
454;11/05/2019;35;4508;100
455;11/12/2019;44;5418,16;100
456;11/20/2019;22;3300,66;100
457;12/02/2019;42;6182,4;100
458;01/16/2020;29;4186,73;100
459;02/22/2020;32;4529,28;100
460;04/13/2020;41;5628,89;100
461;06/01/2020;26;3054,48;100
462;07/06/2020;21;2526,51;100
463;08/06/2020;34;4667,86;100
464;08/30/2020;41;6499,32;100
465;10/05/2019;37;5917,78;100
466;10/16/2020;37;6231,91;100
467;11/04/2020;41;5803,14;100
468;11/17/2020;46;6434,02;100
469;11/24/2020;40;6454,4;100
470;12/09/2020;43;4196,8;97,6
471;01/07/2021;30;2611,8;87,06
472;02/09/2021;35;5895,05;100
473;03/04/2021;36;3375,72;93,77
474;04/15/2021;61;8374,69;100
475;05/17/2021;38;4464,24;100
476;01/10/2019;39;4808,31;100
477;03/25/2019;33;3288,78;99,66
478;05/21/2019;32;3254,72;100
479;07/16/2019;31;3184,94;100
480;09/12/2019;50;5907,5;100
481;10/18/2019;48;4389,12;91,44
482;11/05/2019;43;5036,16;100
483;11/12/2019;25;2183,25;87,33
484;11/21/2019;28;3106,88;100
485;12/03/2019;36;3735,72;100
486;01/29/2020;27;2413,26;89,38
487;03/02/2020;25;2953,75;100
488;04/29/2020;40;4684,8;100
489;06/08/2020;34;3248,7;95,55
490;08/17/2020;50;5239,5;100
491;09/03/2020;38;4567,98;100
492;10/11/2020;37;3535,35;95,55
493;10/21/2020;43;3843,34;89,38
494;11/04/2020;43;3710,9;86,3
495;11/17/2020;46;4375,98;95,13
496;11/29/2020;42;1516,62;36,11
497;12/09/2020;50;2509;50,18
498;01/20/2021;44;9240,44;100
499;02/16/2021;27;2515,32;93,16
500;03/09/2021;35;5548,9;100
501;05/30/2021;51;4873,05;95,55
502;01/10/2019;41;2055,74;50,14
503;03/25/2019;48;2354,88;49,06
504;05/28/2019;42;2309,58;54,99
505;07/16/2019;49;2113,37;43,13
506;09/12/2019;30;1746,6;58,22
507;10/18/2019;45;2304,45;51,21
508;11/05/2019;48;2122,08;44,21
509;11/12/2019;32;1742,4;54,45
510;11/21/2019;46;2455,02;53,37
511;12/03/2019;48;3053,28;63,61
512;01/29/2020;33;1423,29;43,13
513;03/02/2020;31;1504,12;48,52
514;04/29/2020;20;1164,4;58,22
515;06/08/2020;29;1500,75;51,75
516;08/17/2020;27;1557,36;57,68
517;09/03/2020;24;1345,68;56,07
518;10/11/2020;37;1795,24;48,52
519;10/21/2020;25;1105,25;44,21
520;11/04/2020;41;2364,88;57,68
521;11/17/2020;27;2427,03;89,89
522;11/29/2020;21;1237,95;58,95
523;12/09/2020;22;1593,02;72,41
524;01/20/2021;32;3156,16;98,63
525;02/17/2021;25;1320,75;52,83
526;03/09/2021;42;4998;100
527;05/30/2021;25;1293,75;51,75
528;03/18/2019;37;5433,08;100
529;05/20/2019;26;3073,72;100
530;07/10/2019;44;4380,2;99,55
531;09/11/2019;47;5848,68;100
532;10/17/2019;43;6153,73;100
533;11/05/2019;42;4965,24;100
534;11/12/2019;42;5435,64;100
535;11/20/2019;29;4258,36;100
536;12/02/2019;40;4032;100
537;01/16/2020;38;4492,36;100
538;02/26/2020;38;4161,38;100
539;04/13/2020;21;2508,66;100
540;06/01/2020;24;3374,88;100
541;07/06/2020;36;5196,6;100
542;08/06/2020;23;2604,52;100
543;09/01/2020;20;2936,8;100
544;10/05/2019;32;3424,64;100
545;10/16/2020;29;2923,2;100
546;11/04/2020;44;4489,76;100
547;11/17/2020;44;4849,24;100
548;11/24/2020;36;5848,92;100
549;01/12/2021;49;2758,7;56,3
550;02/10/2021;34;1449,76;42,64
551;04/22/2021;59;7048,14;100
552;05/17/2021;37;5202,94;100
553;02/17/2019;36;5279,4;100
554;04/28/2019;43;6916,12;100
555;06/16/2019;21;2781,66;100
556;08/10/2019;32;5248;100
557;10/06/2019;38;6531,44;100
558;10/23/2019;43;5763,72;100
559;11/08/2019;42;6490,68;100
560;11/14/2019;32;6004,8;100
561;11/27/2019;42;7483,98;100
562;01/12/2020;31;5719,5;100
563;02/19/2020;49;6954,08;100
564;05/11/2020;45;8160,3;100
565;06/24/2020;49;6567,96;100
566;07/21/2020;41;6724;100
567;08/21/2020;45;5747,85;100
568;09/15/2020;36;5676,84;100
569;10/14/2020;39;7379,97;100
570;11/01/2020;27;3704,13;100
571;11/10/2020;25;2804,75;100
572;11/22/2020;41;5624,79;100
573;12/03/2020;39;3881,28;99,52
574;01/31/2021;28;1611,4;57,55
575;03/01/2021;25;1364,25;54,57
576;03/30/2021;33;4215,09;100
577;04/01/2021;34;6433,82;100
578;05/10/2021;24;4352,16;100
579;01/06/2019;30;5151;100
580;03/18/2019;42;6069;100
581;05/21/2019;21;2856;100
582;09/12/2019;34;5375,4;100
583;10/18/2019;29;5176,5;100
584;11/05/2019;24;3508,8;100
585;11/12/2019;44;7554,8;100
586;11/21/2019;21;3141,6;100
587;12/02/2019;33;5890,5;100
588;01/26/2020;30;5967;100
589;03/02/2020;26;3712,8;100
590;04/13/2020;41;7597,3;100
591;08/17/2020;26;3668,6;100
592;09/01/2020;32;5875,2;100
593;10/06/2019;43;7310;100
594;10/21/2020;48;8078,4;100
595;11/17/2020;44;3257,76;74,04
596;11/25/2020;45;7650;100
597;01/12/2021;37;4703,81;100
598;02/10/2021;39;5399,55;100
599;04/22/2021;76;14082,8;100
600;05/29/2021;37;5283,6;100
601;03/03/2019;38;3130,82;82,39
602;05/08/2019;43;3112,34;72,38
603;07/02/2019;48;3806,88;79,31
604;09/05/2019;26;2142,14;82,39
605;10/11/2019;38;3364,9;88,55
606;11/04/2019;20;1262,8;63,14
607;11/12/2019;22;1626,24;73,92
608;11/20/2019;45;4088,7;90,86
609;12/02/2019;45;3846,15;85,47
610;01/16/2020;20;1339,8;66,99
611;02/22/2020;47;3039,96;64,68
612;04/12/2020;46;3400,32;73,92
613;06/01/2020;23;1930,39;83,93
614;07/06/2020;33;2464,77;74,69
615;08/06/2020;29;2634,94;90,86
616;08/30/2020;44;3625,16;82,39
617;10/04/2019;41;3788,4;92,4
618;10/16/2020;20;1832,6;91,63
619;11/04/2020;37;2905,98;78,54
620;11/15/2020;29;2954,81;100
621;11/24/2020;55;3599,75;65,45
622;01/06/2021;22;3686,54;100
623;02/09/2021;31;2100,56;67,76
624;03/03/2021;49;3881,78;79,22
625;04/14/2021;61;4509,12;73,92
626;05/17/2021;39;3273,27;83,93
627;03/10/2019;38;4432,7;100
628;05/08/2019;31;4100,99;100
629;07/04/2019;36;5274,72;100
630;09/11/2019;25;4232;100
631;10/17/2019;48;6145,44;100
632;11/05/2019;35;4680,2;100
633;11/12/2019;21;3286,08;100
634;11/20/2019;47;7421,3;100
635;12/02/2019;38;6432,64;100
636;01/16/2020;41;4840,87;100
637;02/26/2020;24;3892,08;100
638;04/13/2020;37;5526,32;100
639;06/01/2020;33;4459,62;100
640;07/06/2020;49;6203,4;100
641;08/06/2020;29;3754,05;100
642;08/30/2020;24;3516,48;100
643;10/05/2019;47;7488,04;100
644;10/16/2020;24;3448,08;100
645;11/04/2020;25;3734;100
646;11/17/2020;30;974,1;32,47
647;11/24/2020;22;3160,74;100
648;12/09/2020;27;1746,63;64,69
649;01/10/2021;34;4207,84;100
650;02/09/2021;36;4352,76;100
651;03/04/2021;34;1463,7;43,05
652;04/15/2021;48;7169,28;100
653;05/17/2021;34;4594,76;100
654;01/31/2019;24;3457,92;100
655;04/04/2019;46;7381,16;100
656;06/03/2019;45;7146,9;100
657;08/01/2019;39;5938,53;100
658;09/21/2019;43;7110,91;100
659;10/22/2019;29;5032,95;100
660;11/06/2019;20;3667,6;100
661;11/14/2019;46;7381,16;100
662;11/25/2019;27;5128,11;100
663;12/09/2019;44;7060,24;100
664;02/10/2020;43;8448,64;100
665;03/15/2020;49;7300,51;100
666;05/05/2020;40;6549,2;100
667;06/15/2020;30;5697,9;100
668;07/20/2020;50;9169;100
669;08/20/2020;23;3238,63;100
670;09/08/2020;26;4554,94;100
671;10/13/2020;27;3934,44;100
672;10/22/2020;42;5776,26;100
673;11/05/2020;47;7207,45;100
674;11/20/2020;49;7460,74;100
675;12/01/2020;38;6719,54;100
676;12/10/2020;20;2428;100
677;01/23/2021;25;2602,25;100
678;02/17/2021;25;2200;88
679;05/03/2021;41;6712,93;100
680;05/31/2021;28;5318,04;100
681;01/06/2019;50;3390;67,8
682;03/18/2019;32;1608;50,25
683;05/21/2019;42;2262,96;53,88
684;09/12/2019;24;1496,64;62,36
685;10/18/2019;27;1879,74;69,62
686;11/05/2019;26;1495,26;57,51
687;11/12/2019;38;2323,7;61,15
688;11/21/2019;42;2491,86;59,33
689;12/02/2019;23;1643,12;71,44
690;01/26/2020;21;1322,16;62,96
691;03/02/2020;28;1423,8;50,85
692;04/13/2020;33;2397,45;72,65
693;08/17/2020;25;1574;62,96
694;09/01/2020;28;1729;61,75
695;10/06/2020;46;2255,84;49,04
696;10/21/2020;30;1834,5;61,15
697;11/17/2020;38;3201,5;84,25
698;11/25/2020;40;2276,4;56,91
699;01/12/2021;45;8884,8;100
700;02/10/2021;27;1331,1;49,3
701;04/22/2021;42;3051,3;72,65
702;05/29/2021;36;2288,52;63,57
703;01/31/2019;29;3772,61;100
704;04/01/2019;39;4164,42;100
705;06/03/2019;45;6295,95;100
706;08/01/2019;47;6287,66;100
707;09/21/2019;49;5412,54;100
708;10/22/2019;46;5984,14;100
709;11/06/2019;48;5891,04;100
710;11/14/2019;46;5984,14;100
711;11/25/2019;35;3608,15;100
712;12/09/2019;43;5752,54;100
713;03/11/2020;26;3765,32;100
714;05/05/2020;22;2159,96;98,18
715;06/15/2020;34;3379,94;99,41
716;07/20/2020;50;5093,5;100
717;08/19/2020;48;5773,44;100
718;09/08/2020;41;4528,86;100
719;10/13/2020;36;4816,08;100
720;10/22/2020;29;3416,78;100
721;11/05/2020;33;1236,84;37,48
722;11/19/2020;46;5814,86;100
723;12/01/2020;38;5223,48;100
724;12/10/2020;20;728,4;36,42
725;01/20/2021;22;3949;100
726;02/22/2021;27;3843,99;100
727;05/03/2021;56;5498,08;98,18
728;05/31/2021;38;3777,58;99,41
729;01/09/2019;25;3782;100
730;03/18/2019;33;3859,68;100
731;05/21/2019;42;4431,84;100
732;09/12/2019;33;4950,33;100
733;10/18/2019;38;4299,7;100
734;11/05/2019;31;4492,83;100
735;11/12/2019;20;2212;100
736;11/21/2019;44;4642,88;100
737;12/02/2019;26;3206,32;100
738;01/26/2020;27;3604,23;100
739;03/02/2020;46;7017,76;100
740;04/26/2020;47;6154,18;100
741;08/17/2020;37;4750,8;100
742;09/01/2020;31;3822,92;100
743;10/11/2020;24;2440,8;100
744;10/21/2020;31;4729,36;100
745;11/04/2020;50;12536,5;100
746;11/17/2020;35;2264,15;64,69
747;11/25/2020;30;3928,2;100
748;12/09/2020;29;3630,22;100
749;01/12/2021;27;4196,07;100
750;02/16/2021;40;4931,6;100
751;03/04/2021;31;3068,69;98,99
752;04/23/2021;6;785,64;100
753;05/29/2021;45;4977;100
754;01/29/2019;22;1189,98;54,09
755;04/01/2019;45;3090,15;68,67
756;05/28/2019;43;2795,86;65,02
757;07/24/2019;46;2851,54;61,99
758;09/21/2019;39;2701,92;69,28
759;10/22/2019;31;2204,1;71,1
760;11/06/2019;41;2840,48;69,28
761;11/14/2019;44;2647,04;60,16
762;11/25/2019;45;3172,05;70,49
763;12/09/2019;37;2585,93;69,89
764;02/04/2020;35;2148,3;61,38
765;03/11/2020;28;1667,4;59,55
766;05/05/2020;30;1859,7;61,99
767;06/15/2020;30;1476,6;49,22
768;07/20/2020;25;1732;69,28
769;08/19/2020;29;1674,17;57,73
770;09/08/2020;26;1500,98;57,73
771;10/13/2020;41;2192,68;53,48
772;10/22/2020;34;1797,58;52,87
773;11/04/2020;35;2142,35;61,21
774;11/19/2020;34;2086,92;61,38
775;11/29/2020;50;6834,5;100
776;12/10/2020;41;2541,59;61,99
777;01/20/2021;22;2130,92;96,86
778;02/17/2021;35;1701,7;48,62
779;03/09/2021;44;1694;38,5
780;05/03/2021;47;2913,53;61,99
781;05/31/2021;19;935,18;49,22
782;02/17/2019;34;3073,26;90,39
783;04/29/2019;29;2082,49;71,81
784;06/27/2019;49;3394,23;69,27
785;08/25/2019;30;2559,6;85,32
786;10/28/2019;21;1490,16;70,96
787;01/12/2020;50;3844;76,88
788;02/20/2020;47;4724,91;100
789;04/02/2020;24;1824,72;76,03
790;05/11/2020;27;2668,68;98,84
791;06/28/2020;33;2843,61;86,17
792;07/23/2020;35;3163,65;90,39
793;08/21/2020;31;2226,11;71,81
794;09/16/2020;25;2069,75;82,79
795;10/15/2020;27;2235,33;82,79
796;11/02/2020;31;3116,43;100
797;11/10/2020;45;4781,7;100
798;11/23/2020;27;2810,7;100
799;12/04/2020;27;3515,67;100
800;02/02/2021;42;2909,34;69,27
801;03/01/2021;21;1570,17;74,77
802;03/30/2021;34;2613,92;76,88
803;04/03/2021;42;3193,26;76,03
804;05/10/2021;15;1482,6;98,84
805;02/24/2019;29;2055,23;70,87
806;04/29/2019;46;2674,9;58,15
807;07/01/2019;30;1853,4;61,78
808;08/25/2019;30;1490,1;49,67
809;10/10/2019;42;2162,16;51,48
810;10/28/2019;46;2814,28;61,18
811;11/11/2019;25;1605;64,2
812;11/18/2019;32;2093,44;65,42
813;12/01/2019;30;1944,3;64,81
814;01/12/2020;40;1986,8;49,67
815;02/20/2020;28;1695,96;60,57
816;04/03/2020;23;1281,56;55,72
817;05/18/2020;29;1774,22;61,18
818;06/28/2020;34;1997,5;58,75
819;07/23/2020;37;2353,2;63,6
820;08/27/2020;20;981,2;49,06
821;09/27/2020;32;1550,72;48,46
822;10/15/2020;34;1771,06;52,09
823;11/02/2020;42;2213,4;52,7
824;11/15/2020;38;5266,04;100
825;11/23/2020;30;1864,8;62,16
826;01/05/2021;23;1142,41;49,67
827;02/02/2021;22;1172,6;53,3
828;03/03/2021;39;6981;100
829;04/07/2021;55;3064,6;55,72
830;05/13/2021;36;2202,48;61,18
831;01/09/2019;26;3773,38;100
832;03/18/2019;31;5074,39;100
833;05/21/2019;34;6483,46;100
834;07/16/2019;41;7956,46;100
835;09/12/2019;23;4230,62;100
836;10/18/2019;48;7209,12;100
837;11/05/2019;22;3452,68;100
838;11/12/2019;21;3047,73;100
839;11/21/2019;22;3675,32;100
840;12/03/2019;40;7492,4;100
841;01/26/2020;50;9534,5;100
842;03/02/2020;29;5579,02;100
843;04/29/2020;43;5950,34;100
844;06/04/2020;24;3726;100
845;08/17/2020;22;4455;100
846;09/03/2020;43;8272,34;100
847;10/11/2020;20;3577,6;100
848;10/21/2020;25;3881,25;100
849;11/04/2020;36;5797,44;100
850;11/17/2020;24;1264,08;52,67
851;11/29/2020;21;4815,3;100
852;12/09/2020;30;4462,2;100
853;01/12/2021;32;3033,28;94,79
854;02/16/2021;21;990,78;47,18
855;03/04/2021;26;2030,86;78,11
856;05/29/2021;35;5433,75;100
857;03/10/2019;26;3157,44;100
858;05/20/2019;46;5161,2;100
859;07/10/2019;37;4346,76;100
860;09/11/2019;27;3528,36;100
861;10/17/2019;23;3187,8;100
862;11/05/2019;39;6023,16;100
863;11/12/2019;27;3884,76;100
864;11/20/2019;38;4965,84;100
865;12/02/2019;27;4169,88;100
866;01/16/2020;40;4910,4;100
867;02/26/2020;24;3231,36;100
868;04/13/2020;44;6853,44;100
869;06/01/2020;37;5177,04;100
870;07/06/2020;20;2824,8;100
871;08/06/2020;39;4324,32;100
872;08/30/2020;44;5052,96;100
873;10/05/2019;22;3223,44;100
874;10/16/2020;43;5278,68;100
875;11/04/2020;27;2851,2;100
876;11/17/2020;26;1687,4;64,9
877;11/24/2020;25;1308;52,32
878;01/10/2021;49;6144,6;100
879;02/10/2021;29;5127,2;100
880;04/22/2021;41;6386,16;100
881;05/17/2021;55;7695,6;100
882;01/29/2019;27;2242,89;83,07
883;03/24/2019;23;2539,89;100
884;05/28/2019;31;2795,27;90,17
885;07/16/2019;46;5545,76;100
886;09/19/2019;47;4285,46;91,18
887;10/20/2019;31;3329,09;100
888;11/06/2019;46;5592,22;100
889;11/13/2019;37;3298,55;89,15
890;11/21/2019;28;2609,88;93,21
891;12/05/2019;37;3336,29;90,17
892;01/29/2020;49;5510,05;100
893;03/10/2020;24;2504,4;100
894;04/29/2020;30;3525,6;100
895;06/14/2020;50;4407;88,14
896;07/19/2020;31;2983,44;96,24
897;08/17/2020;46;5126,24;100
898;09/08/2020;47;5713,79;100
899;10/11/2020;46;4613,8;100
900;10/21/2020;37;3711,1;100
901;11/04/2020;33;3524,73;100
902;11/18/2020;31;2795,27;90,17
903;11/29/2020;48;4814,4;100
904;12/10/2020;41;3572,33;87,13
905;01/20/2021;42;4581,36;100
906;02/17/2021;41;4319,76;100
907;03/09/2021;32;1448;45,25
908;05/30/2021;10;881,4;88,14
909;01/29/2019;35;2011,1;57,46
910;03/25/2019;28;1801,24;64,33
911;05/28/2019;46;3390,2;73,7
912;07/16/2019;20;1424;71,2
913;09/19/2019;30;1499,1;49,97
914;10/20/2019;48;3358,08;69,96
915;11/05/2019;28;1504,16;53,72
916;11/13/2019;39;2655,12;68,08
917;11/21/2019;24;1244,16;51,84
918;12/05/2019;28;1888,88;67,46
919;01/29/2020;31;1820,01;58,71
920;03/10/2020;45;2866,95;63,71
921;04/29/2020;24;1394,16;58,09
922;06/14/2020;49;2632,28;53,72
923;07/16/2020;32;2018,56;63,08
924;08/17/2020;43;2954,53;68,71
925;09/08/2020;37;1871,83;50,59
926;10/11/2020;24;1559,04;64,96
927;10/21/2020;35;1880,2;53,72
928;11/04/2020;41;1224,67;29,87
929;11/17/2020;26;2979,08;100
930;11/29/2020;34;2208,64;64,96
931;12/10/2020;49;3458,42;70,58
932;01/20/2021;28;1237,88;44,21
933;02/17/2021;40;2723,2;68,08
934;03/10/2021;37;2218,52;59,96
935;05/30/2021;31;1665,32;53,72
936;02/17/2019;41;3421,04;83,44
937;04/28/2019;21;1878,66;89,46
938;06/16/2019;40;3853,6;96,34
939;08/10/2019;46;3442,64;74,84
940;10/06/2019;44;3482,16;79,14
941;10/23/2019;46;3363,52;73,12
942;11/08/2019;41;3350,52;81,72
943;11/14/2019;32;2862,72;89,46
944;11/26/2019;46;4036,04;87,74
945;01/09/2020;28;2817,92;100
946;02/19/2020;49;4636,38;94,62
947;05/07/2020;21;1553,58;73,98
948;06/24/2020;32;2697,6;84,3
949;07/21/2020;34;3334,04;98,06
950;08/20/2020;21;2059,26;98,06
951;09/15/2020;21;2023,14;96,34
952;10/14/2020;31;2586,64;83,44
953;11/01/2020;21;1987,02;94,62
954;11/10/2020;25;1146,5;45,86
955;11/22/2020;28;2312,24;82,58
956;12/02/2020;43;2793,71;64,97
957;01/31/2021;22;1908,28;86,74
958;03/01/2021;37;3441,37;93,01
959;03/30/2021;28;2023,28;72,26
960;04/01/2021;30;2245,2;74,84
961;05/06/2021;44;3255,12;73,98
962;01/29/2019;25;2539,5;100
963;03/25/2019;43;4818,15;100
964;05/28/2019;30;2921,7;97,39
965;07/16/2019;20;1801,2;90,06
966;09/19/2019;26;2804,36;100
967;10/20/2019;40;4900,8;100
968;11/05/2019;31;2759,31;89,01
969;11/13/2019;22;2488,2;100
970;11/21/2019;23;2769,89;100
971;12/05/2019;30;3581,4;100
972;01/29/2020;49;5285,14;100
973;03/10/2020;31;3181,53;100
974;04/29/2020;29;3340,51;100
975;06/14/2020;37;3138,34;84,82
976;07/19/2020;38;4775,08;100
977;08/17/2020;29;3006,43;100
978;09/08/2020;23;2866,26;100
979;10/11/2020;26;2232,62;85,87
980;10/21/2020;38;4457,02;100
981;11/04/2020;48;2257,92;47,04
982;11/17/2020;40;1592;39,8
983;11/29/2020;45;4948,2;100
984;12/10/2020;44;5160,76;100
985;01/20/2021;21;1978,62;94,22
986;02/17/2021;35;4288,2;100
987;03/10/2021;29;2520,68;86,92
988;05/30/2021;21;1781,22;84,82
989;02/11/2019;22;3065,04;100
990;04/16/2019;26;3551,34;100
991;06/06/2019;41;5544,02;100
992;08/08/2019;47;6034,33;100
993;09/28/2019;31;3641,57;100
994;10/21/2019;43;6930,74;100
995;11/07/2019;23;3675,63;100
996;11/14/2019;28;3442,04;100
997;11/26/2019;49;6893,81;100
998;01/02/2020;24;2622,48;100
999;02/18/2020;33;4417,38;100
1000;03/20/2020;22;3606,02;100
1001;05/07/2020;32;3802,56;100
1002;07/21/2020;40;5026,4;100
1003;08/20/2020;43;6695,53;100
1004;09/09/2020;24;2819,28;100
1005;10/14/2020;32;3759,04;100
1006;10/22/2020;20;2731,8;100
1007;11/05/2020;24;1658,88;69,12
1008;11/20/2020;48;5778,24;100
1009;12/02/2020;44;5191,12;100
1010;01/26/2021;28;3862,88;100
1011;02/22/2021;24;1476,48;61,52
1012;03/23/2021;33;5273,73;100
1013;05/06/2021;41;4872,03;100
1014;01/31/2019;23;4556,99;100
1015;03/10/2019;46;8257;100
1016;04/01/2019;48;8209,44;100
1017;05/08/2019;25;3598,5;100
1018;06/03/2019;22;3837,24;100
1019;07/04/2019;41;8331,61;100
1020;08/01/2019;34;4836,5;100
1021;09/11/2019;32;5418,88;100
1022;09/21/2019;21;3734,01;100
1023;10/11/2019;20;3996,4;100
1024;10/22/2019;47;8754,69;100
1025;11/05/2019;39;5481,45;100
1026;11/06/2019;29;4419,89;100
1027;11/12/2019;45;6324,75;100
1028;11/14/2019;28;4409,72;100
1029;11/20/2019;26;3918,46;100
1030;11/25/2019;50;7620,5;100
1031;12/02/2019;48;8291,04;100
1032;12/09/2019;25;3937,25;100
1033;01/16/2020;40;5554,4;100
1034;02/22/2020;43;6407,86;100
1035;03/11/2020;22;4172,52;100
1036;04/12/2020;47;7083,37;100
1037;05/05/2020;36;7132,68;100
1038;06/01/2020;40;6773,6;100
1039;06/15/2020;27;3657,69;100
1040;07/06/2020;29;4812,55;100
1041;07/20/2020;20;3928,6;100
1042;08/06/2020;42;6401,22;100
1043;08/19/2020;25;4191,25;100
1044;08/30/2020;36;5852,52;100
1045;09/08/2020;21;2844,87;100
1046;10/05/2019;23;4011,66;100
1047;10/13/2020;37;7455,87;100
1048;10/16/2020;48;8940,96;100
1049;10/22/2020;25;4572,25;100
1050;11/04/2020;33;5700,09;100
1051;11/05/2020;27;3155,49;100
1052;11/17/2020;27;4170,69;100
1053;11/19/2020;20;2878,8;100
1054;11/24/2020;30;5029,5;100
1055;12/01/2020;48;7396,8;100
1056;12/10/2020;32;2991,68;93,49
1057;01/10/2021;34;6275,72;100
1058;01/20/2021;27;1534,95;56,85
1059;02/09/2021;39;7264,53;100
1060;02/22/2021;47;6869,05;100
1061;03/15/2021;22;3353,02;100
1062;04/14/2021;55;8289,05;100
1063;05/03/2021;60;11887,8;100
1064;05/17/2021;35;5926,9;100
1065;05/31/2021;28;3793,16;100
1066;02/11/2019;38;4330,1;100
1067;04/16/2019;21;2011,8;95,8
1068;06/06/2019;41;4837,18;100
1069;08/08/2019;22;2151,82;97,81
1070;09/28/2019;29;2573,46;88,74
1071;10/22/2019;50;5344,5;100
1072;11/07/2019;29;3070,52;100
1073;11/14/2019;49;3952,83;80,67
1074;11/26/2019;35;3564,75;100
1075;01/02/2020;48;5614,56;100
1076;02/18/2020;23;1855,41;80,67
1077;03/20/2020;48;4598,4;95,8
1078;05/07/2020;42;5082,42;100
1079;07/21/2020;47;5450,59;100
1080;08/20/2020;36;4174,92;100
1081;09/09/2020;22;2418,24;100
1082;10/14/2020;40;3670,4;91,76
1083;10/22/2020;23;2481,7;100
1084;11/09/2020;32;3807,68;100
1085;11/20/2020;21;2230,41;100
1086;12/02/2020;41;3814,64;93,04
1087;01/26/2021;25;2117,75;84,71
1088;02/22/2021;26;3340,48;100
1089;03/23/2021;24;2154;89,75
1090;05/06/2021;48;5808,48;100
1091;03/03/2019;26;1777,1;68,35
1092;05/08/2019;21;1536,57;73,17
1093;07/02/2019;45;3510;78
1094;09/05/2019;36;3097,44;86,04
1095;10/10/2019;21;1705,41;81,21
1096;11/04/2019;32;2264,32;70,76
1097;11/12/2019;30;2484,6;82,82
1098;11/20/2019;36;3415,68;94,88
1099;12/02/2019;33;2839,32;86,04
1100;01/15/2020;35;2730;78
1101;02/22/2020;37;3540,53;95,69
1102;04/09/2020;41;2999,97;73,17
1103;05/26/2020;20;1527,8;76,39
1104;07/02/2020;45;3907,8;86,84
1105;08/02/2020;38;2658,48;69,96
1106;08/30/2020;43;3042,68;70,76
1107;10/04/2019;49;3861,2;78,8
1108;10/16/2020;27;2171,07;80,41
1109;11/03/2020;46;3403,08;73,98
1110;11/15/2020;38;2245,8;59,1
1111;11/24/2020;25;1668,5;66,74
1112;01/06/2021;46;2773,8;60,3
1113;02/10/2021;22;2464;100
1114;03/04/2021;40;5491,6;100
1115;01/29/2019;46;4791,82;100
1116;03/25/2019;39;4178,85;100
1117;05/28/2019;38;3128,92;82,34
1118;07/16/2019;30;3095,4;100
1119;09/12/2019;42;3958,5;94,25
1120;10/20/2019;43;4991,44;100
1121;11/05/2019;29;2761,96;95,24
1122;11/12/2019;33;2848,23;86,31
1123;11/21/2019;32;2539,84;79,37
1124;12/05/2019;28;2444,4;87,3
1125;01/29/2020;41;4555,92;100
1126;03/02/2020;33;3666,96;100
1127;04/29/2020;36;3035,88;84,33
1128;06/14/2020;26;2321,54;89,29
1129;08/17/2020;34;3474,46;100
1130;09/07/2020;26;2501,98;96,23
1131;10/11/2020;38;3958,46;100
1132;10/21/2020;33;3535,95;100
1133;11/05/2020;33;3011,91;91,27
1134;11/18/2020;46;11336,7;100
1135;11/29/2020;26;2656,94;100
1136;12/10/2020;25;2604,25;100
1137;01/20/2021;45;3288,6;73,08
1138;02/17/2021;50;8935,5;100
1139;03/10/2021;36;4035,96;100
1140;05/30/2021;21;1875,09;89,29
1141;03/03/2019;29;4049,56;100
1142;05/08/2019;21;2469,39;100
1143;07/02/2019;42;5432,7;100
1144;09/05/2019;37;4405,22;100
1145;10/10/2019;25;3638;100
1146;11/04/2019;36;4444,92;100
1147;11/12/2019;22;3395,48;100
1148;11/20/2019;23;3414,58;100
1149;12/02/2019;32;5127,04;100
1150;01/15/2020;28;3745,28;100
1151;02/22/2020;27;4564,08;100
1152;04/09/2020;49;6554,24;100
1153;05/26/2020;41;6749,83;100
1154;07/02/2020;49;8427,02;100
1155;08/02/2020;30;3924,6;100
1156;08/30/2020;40;6761,6;100
1157;10/04/2019;23;3786,49;100
1158;10/16/2020;49;6266,12;100
1159;11/03/2020;25;3491;100
1160;11/16/2020;37;4405,22;100
1161;11/24/2020;55;6548,3;100
1162;12/07/2020;23;3177,91;100
1163;01/06/2021;24;4142,64;100
1164;02/10/2021;43;4149,07;96,49
1165;03/04/2021;50;7397;100
1166;03/10/2019;47;6241,6;100
1167;05/20/2019;34;5331,88;100
1168;07/10/2019;31;5124,3;100
1169;09/11/2019;28;3639,44;100
1170;10/17/2019;36;5544;100
1171;11/05/2019;48;5493,12;100
1172;11/12/2019;39;5785,26;100
1173;11/20/2019;45;5340,6;100
1174;12/02/2019;35;5735,8;100
1175;01/16/2020;45;6357,6;100
1176;02/26/2020;46;7343,9;100
1177;04/13/2020;37;5959,22;100
1178;06/01/2020;31;4029,38;100
1179;07/06/2020;33;5035,14;100
1180;08/06/2020;31;4116,8;100
1181;08/30/2020;27;4310,55;100
1182;10/05/2019;39;6446,7;100
1183;10/16/2020;32;3616,64;100
1184;11/04/2020;28;4232,76;100
1185;11/17/2020;26;1765,66;67,91
1186;11/24/2020;44;3734,72;84,88
1187;01/12/2021;46;4808,38;100
1188;02/10/2021;32;2266,56;70,83
1189;04/15/2021;65;10468,9;100
1190;05/17/2021;43;5589,14;100
1191;03/03/2019;43;2914,11;67,77
1192;05/08/2019;35;1740,9;49,74
1193;07/02/2019;45;2266,2;50,36
1194;09/03/2019;47;3155,58;67,14
1195;10/10/2019;21;1357,86;64,66
1196;11/04/2019;38;2598,82;68,39
1197;11/11/2019;21;1057,56;50,36
1198;11/20/2019;43;3127,82;72,74
1199;01/15/2020;46;2488,14;54,09
1200;02/21/2020;38;2220,72;58,44
1201;04/05/2020;26;1357,72;52,22
1202;05/26/2020;31;1638,04;52,84
1203;06/30/2020;48;2626,08;54,71
1204;08/02/2020;33;1661,88;50,36
1205;08/28/2020;38;2173,6;57,2
1206;09/30/2020;39;2182,05;55,95
1207;10/16/2020;42;2819,88;67,14
1208;11/03/2020;44;2598,64;59,06
1209;11/16/2020;29;2019,27;69,63
1210;11/24/2020;26;1454,7;55,95
1211;12/07/2020;31;1657,57;53,47
1212;01/06/2021;32;2851,84;89,12
1213;02/10/2021;28;4609,64;100
1214;03/04/2021;36;5079,96;100
1215;04/08/2021;36;1879,92;52,22
1216;02/17/2019;41;4774,86;100
1217;04/28/2019;27;2687,04;99,52
1218;06/16/2019;33;3423,75;100
1219;08/10/2019;34;3455,76;100
1220;10/06/2019;29;3622,97;100
1221;10/23/2019;34;3599,58;100
1222;11/08/2019;48;5386,56;100
1223;11/14/2019;46;4918,78;100
1224;11/26/2019;22;2538,8;100
1225;01/09/2020;20;2498,6;100
1226;02/19/2020;45;3858,75;85,75
1227;05/08/2020;46;5600,5;100
1228;06/24/2020;34;4103,46;100
1229;07/21/2020;50;4287,5;85,75
1230;08/20/2020;46;5795,54;100
1231;09/15/2020;22;1863,4;84,7
1232;10/14/2020;48;4166,88;86,81
1233;11/01/2020;47;4080,07;86,81
1234;11/12/2020;34;3815,48;100
1235;11/22/2020;45;5526,45;100
1236;12/03/2020;20;3374,6;100
1237;01/31/2021;50;3024,5;60,49
1238;03/01/2021;22;1266,1;57,55
1239;03/30/2021;45;4811,85;100
1240;04/01/2021;58;7307,42;100
1241;05/09/2021;51;6209,25;100
1242;01/31/2019;38;5348,5;100
1243;04/16/2019;22;2780,58;100
1244;06/03/2019;25;3447;100
1245;08/08/2019;24;3791,52;100
1246;09/25/2019;35;4524,1;100
1247;10/22/2019;28;3337,6;100
1248;11/06/2019;36;5532,12;100
1249;11/14/2019;39;5096,91;100
1250;11/26/2019;27;4537,08;100
1251;12/09/2019;40;6146,8;100
1252;02/12/2020;50;8258;100
1253;03/15/2020;42;7238,28;100
1254;05/05/2020;48;6756;100
1255;07/20/2020;25;3734;100
1256;08/20/2020;31;4674,8;100
1257;09/08/2020;44;7140,76;100
1258;10/14/2020;23;3600,65;100
1259;10/22/2020;29;4206,74;100
1260;11/05/2020;49;5379,71;100
1261;11/21/2020;36;5679,36;100
1262;12/01/2020;34;4394,84;100
1263;12/10/2020;25;2528,25;100
1264;01/26/2021;48;7031,52;100
1265;02/22/2021;38;5340,9;100
1266;03/15/2021;37;6376,58;100
1267;05/05/2021;49;6896,75;100
1268;01/06/2019;22;1903,22;86,51
1269;03/18/2019;28;2499,56;89,27
1270;05/21/2019;36;3081,24;85,59
1271;09/11/2019;34;3598,22;100
1272;10/18/2019;39;3912,09;100
1273;11/05/2019;21;1584,66;75,46
1274;11/12/2019;36;3942,72;100
1275;11/21/2019;24;2341,2;97,55
1276;12/02/2019;29;2482,11;85,59
1277;01/22/2020;38;3602,02;94,79
1278;03/02/2020;34;3566,94;100
1279;04/13/2020;42;3787,98;90,19
1280;08/17/2020;35;3704,05;100
1281;09/01/2020;35;2834,65;80,99
1282;10/06/2019;38;3392,26;89,27
1283;10/16/2020;41;3358,31;81,91
1284;11/17/2020;50;7310;100
1285;11/25/2020;21;2203,11;100
1286;01/12/2021;43;2696,96;62,72
1287;02/16/2021;32;3376,64;100
1288;04/22/2021;6;541,14;90,19
1289;05/29/2021;66;6134,7;92,95
1290;02/11/2019;41;3382,5;82,5
1291;04/16/2019;23;2240,66;97,42
1292;06/06/2019;43;3962,88;92,16
1293;08/08/2019;24;1685,28;70,22
1294;09/28/2019;22;1834,36;83,38
1295;10/21/2019;26;1916,98;73,73
1296;11/07/2019;35;2611;74,6
1297;11/14/2019;47;3630,28;77,24
1298;11/26/2019;50;5090,5;100
1299;01/02/2020;45;3949,65;87,77
1300;02/18/2020;39;3491,67;89,53
1301;03/20/2020;23;2059,19;89,53
1302;05/07/2020;42;3170,16;75,48
1303;06/17/2020;20;1790,6;89,53
1304;07/21/2020;33;2345,97;71,09
1305;08/20/2020;34;3580,88;100
1306;09/09/2020;49;4946,06;100
1307;10/14/2020;39;3525,6;90,4
1308;10/29/2020;36;3602,16;100
1309;11/09/2020;50;4300,5;86,01
1310;11/21/2020;29;4498,19;100
1311;12/02/2020;30;3023,1;100
1312;01/26/2021;41;3562,49;86,89
1313;02/22/2021;28;1640,24;58,58
1314;03/23/2021;45;4739,4;100
1315;05/06/2021;16;1207,68;75,48
1316;01/29/2019;36;4228,2;100
1317;04/01/2019;41;4815,45;100
1318;05/28/2019;50;7083;100
1319;07/24/2019;40;4601,2;100
1320;09/19/2019;49;6467,02;100
1321;10/21/2019;45;5012,55;100
1322;11/06/2019;47;5121,59;100
1323;11/13/2019;21;2441,04;100
1324;11/25/2019;32;4262,08;100
1325;12/09/2019;47;6658,02;100
1326;02/04/2020;38;4509,08;100
1327;03/11/2020;41;4716,23;100
1328;05/04/2020;21;2390,22;100
1329;06/15/2020;41;4666,62;100
1330;07/19/2020;38;5383,08;100
1331;08/19/2020;25;2482,25;99,29
1332;09/08/2020;48;5288,64;100
1333;10/13/2020;22;2184,38;99,29
1334;10/22/2020;28;2881,76;100
1335;11/05/2020;47;6203,06;100
1336;11/19/2020;49;6763,47;100
1337;11/29/2020;45;5884,65;100
1338;12/10/2020;28;3559,64;100
1339;01/20/2021;29;1668,37;57,53
1340;02/17/2021;39;4890,6;100
1341;05/01/2021;46;5235,72;100
1342;05/31/2021;38;4325,16;100
1343;01/29/2019;41;1938,89;47,29
1344;03/26/2019;50;2490,5;49,81
1345;05/28/2019;43;2314,69;53,83
1346;07/24/2019;29;1254,83;43,27
1347;09/19/2019;30;1282,8;42,76
1348;10/21/2019;25;1345,75;53,83
1349;11/06/2019;49;2194,22;44,78
1350;11/13/2019;40;1972;49,3
1351;11/25/2019;41;1835,98;44,78
1352;12/05/2019;21;1119,93;53,33
1353;01/29/2020;46;2082,88;45,28
1354;03/11/2020;39;1569,75;40,25
1355;05/04/2020;45;2694,15;59,87
1356;06/15/2020;21;1257,27;59,87
1357;07/19/2020;44;2567,84;58,36
1358;08/19/2020;44;2634,28;59,87
1359;09/08/2020;29;1502,78;51,82
1360;10/11/2020;34;1676,2;49,3
1361;10/21/2020;39;2217,15;56,85
1362;11/05/2020;38;6832,02;100
1363;11/18/2020;24;1916,64;79,86
1364;11/01/2020;29;7110,8;100
1365;12/10/2020;30;5302,8;100
1366;01/20/2021;20;2730;100
1367;02/17/2021;39;7827,3;100
1368;05/01/2021;35;2095,45;59,87
1369;05/31/2021;26;1556,62;59,87
1370;03/03/2019;44;5565,12;100
1371;05/08/2019;28;3583,16;100
1372;07/02/2019;31;4705,18;100
1373;09/03/2019;29;4444,54;100
1374;10/10/2019;32;4618,88;100
1375;11/04/2019;33;4910,4;100
1376;11/11/2019;44;5565,12;100
1377;11/20/2019;32;4237,76;100
1378;01/15/2020;41;5673,58;100
1379;02/22/2020;35;5260,15;100
1380;04/09/2020;44;6350,96;100
1381;05/26/2020;26;3559,4;100
1382;06/30/2020;20;2410,6;100
1383;08/02/2020;48;5713,92;100
1384;08/30/2020;34;4300,32;100
1385;09/30/2020;49;7947,31;100
1386;10/16/2020;40;5356,8;100
1387;11/03/2020;45;7901,1;100
1388;11/16/2020;50;6101;100
1389;11/24/2020;38;6276,46;100
1390;12/07/2020;25;4203,5;100
1391;01/06/2021;28;1629,04;58,18
1392;02/10/2021;49;3289,86;67,14
1393;03/04/2021;49;6862,94;100
1394;03/18/2019;42;2574,18;61,29
1395;05/21/2019;23;1327,79;57,73
1396;09/11/2019;29;2356,25;81,25
1397;10/17/2019;25;2013,5;80,54
1398;11/05/2019;39;2807,22;71,98
1399;11/12/2019;44;3072,96;69,84
1400;11/21/2019;25;1906,5;76,26
1401;12/02/2019;45;3431,7;76,26
1402;01/22/2020;25;2084,75;83,39
1403;03/02/2020;37;2136,01;57,73
1404;04/13/2020;30;2009,7;66,99
1405;07/07/2020;36;2719,8;75,55
1406;08/09/2020;26;1575,08;60,58
1407;09/01/2020;23;1688,43;73,41
1408;10/06/2019;23;1672,1;72,7
1409;10/16/2020;25;1674,75;66,99
1410;11/17/2020;21;3472,98;100
1411;11/25/2020;26;1649,18;63,43
1412;01/12/2021;44;3751;85,25
1413;02/16/2021;24;4536;100
1414;04/22/2021;66;4421,34;66,99
1415;05/29/2021;36;2078,28;57,73
1416;03/18/2019;36;3069;85,25
1417;05/21/2019;22;1713,8;77,9
1418;09/11/2019;25;1506,5;60,26
1419;10/17/2019;37;2692,12;72,76
1420;11/05/2019;32;2422,08;75,69
1421;11/12/2019;47;3488,34;74,22
1422;11/20/2019;37;2583,34;69,82
1423;12/02/2019;20;1249,4;62,47
1424;01/16/2020;41;3374,71;82,31
1425;02/26/2020;21;1265,46;60,26
1426;04/13/2020;22;1681,46;76,43
1427;07/07/2020;40;3204;80,1
1428;08/09/2020;32;2398,72;74,96
1429;09/01/2020;36;2381,04;66,14
1430;10/05/2019;27;1944,54;72,02
1431;10/16/2020;26;2273,7;87,45
1432;11/04/2020;30;2116,5;70,55
1433;11/17/2020;23;1307,32;56,84
1434;11/25/2020;29;1726,37;59,53
1435;01/12/2021;21;1267,77;60,37
1436;02/16/2021;34;3441,82;100
1437;04/22/2021;26;1987,18;76,43
1438;05/29/2021;60;3880,2;64,67
1439;01/31/2019;35;1942,15;55,49
1440;04/04/2019;47;3259,92;69,36
1441;06/03/2019;20;1213,8;60,69
1442;08/01/2019;20;1086,6;54,33
1443;09/25/2019;25;1632,75;65,31
1444;10/22/2019;25;1734;69,36
1445;11/06/2019;27;1857,06;68,78
1446;11/14/2019;31;1863,41;60,11
1447;11/25/2019;44;2924,68;66,47
1448;12/09/2019;49;2294,18;46,82
1449;02/12/2020;26;1457,82;56,07
1450;03/15/2020;36;1955,88;54,33
1451;05/05/2020;44;2314,4;52,6
1452;06/15/2020;28;1310,96;46,82
1453;07/20/2020;45;2913,3;64,74
1454;08/20/2020;29;1357,78;46,82
1455;09/08/2020;40;2150;53,75
1456;10/13/2020;45;2783,25;61,85
1457;10/22/2020;44;2339,92;53,18
1458;11/05/2020;25;1729;69,16
1459;11/20/2020;45;5972,4;100
1460;12/01/2020;48;2275,2;47,4
1461;12/10/2020;44;2673,44;60,76
1462;01/23/2021;25;2431,75;97,27
1463;02/22/2021;22;2018,72;91,76
1464;03/15/2021;31;1558,99;50,29
1465;05/03/2021;21;1104,6;52,6
1466;05/31/2021;55;2575,1;46,82
1467;02/24/2019;25;2845,75;100
1468;04/29/2019;35;3431,75;98,05
1469;07/01/2019;35;3273,9;93,54
1470;08/25/2019;43;4119,4;95,8
1471;10/10/2019;44;5355,68;100
1472;10/28/2019;50;5747,5;100
1473;11/11/2019;48;5355,36;100
1474;11/18/2019;25;2535,75;100
1475;12/01/2019;39;4351,23;100
1476;01/15/2020;25;2254;90,16
1477;02/20/2020;32;2921,28;91,29
1478;04/05/2020;20;2299;100
1479;05/18/2020;26;2637,18;100
1480;06/28/2020;42;4307,52;100
1481;07/23/2020;21;2153,76;100
1482;08/27/2020;34;3716,88;100
1483;09/30/2020;47;5455,76;100
1484;10/15/2020;21;2650,62;100
1485;11/02/2020;48;6437,28;100
1486;11/15/2020;30;2633,4;87,78
1487;11/23/2020;27;2278,53;84,39
1488;01/05/2021;50;4846;96,92
1489;02/02/2021;38;4197,1;100
1490;03/03/2021;45;4597,65;100
1491;04/08/2021;46;5287,7;100
1492;05/13/2021;35;3550,05;100
1493;03/18/2019;29;1721,73;59,37
1494;05/20/2019;50;2993,5;59,87
1495;07/10/2019;26;1295,06;49,81
1496;09/11/2019;47;2671,95;56,85
1497;10/17/2019;23;1226,59;53,33
1498;11/05/2019;34;1453,84;42,76
1499;11/12/2019;34;1830,22;53,83
1500;11/20/2019;47;2530,01;53,83
1501;12/02/2019;45;2241,45;49,81
1502;01/16/2020;45;2399,85;53,33
1503;02/26/2020;36;1557,72;43,27
1504;04/13/2020;21;845,25;40,25
1505;07/06/2020;28;1352,4;48,3
1506;08/06/2020;35;1584,8;45,28
1507;09/01/2020;50;2616;52,32
1508;10/05/2019;22;1129,04;51,32
1509;10/16/2020;45;2218,5;49,3
1510;11/04/2020;48;2028,48;42,26
1511;11/17/2020;20;1759,2;87,96
1512;11/24/2020;27;977,67;36,21
1513;01/12/2021;38;1463;38,5
1514;02/10/2021;32;3970,56;100
1515;04/22/2021;64;2576;40,25
1516;05/29/2021;37;2233,69;60,37
1517;02/17/2019;28;2481,64;88,63
1518;04/29/2019;39;4651,53;100
1519;06/27/2019;41;3858,1;94,1
1520;08/25/2019;40;3501,6;87,54
1521;10/28/2019;49;6433,7;100
1522;01/12/2020;27;2658,96;98,48
1523;02/20/2020;34;3608,76;100
1524;04/02/2020;23;2214,67;96,29
1525;05/11/2020;31;2747,53;88,63
1526;06/24/2020;34;3310,92;97,38
1527;07/23/2020;25;2380;95,2
1528;08/21/2020;22;2310,88;100
1529;09/16/2020;32;4061,76;100
1530;10/15/2020;31;3493,7;100
1531;11/01/2020;25;2872,25;100
1532;11/12/2020;47;4114,38;87,54
1533;11/23/2020;21;1063,65;50,65
1534;12/04/2020;28;2008,44;71,73
1535;02/02/2021;46;4328,6;94,1
1536;03/01/2021;33;1376,43;41,71
1537;03/30/2021;43;5552,16;100
1538;04/03/2021;38;3659,02;96,29
1539;05/10/2021;47;4165,61;88,63
1540;01/09/2019;45;1404;31,2
1541;03/18/2019;20;710,2;35,51
1542;05/21/2019;45;1702,8;37,84
1543;09/12/2019;36;1194,84;33,19
1544;10/18/2019;37;1007,14;27,22
1545;11/05/2019;31;977,43;31,53
1546;11/12/2019;39;1436,76;36,84
1547;11/21/2019;26;759,46;29,21
1548;12/03/2019;32;1189,44;37,17
1549;01/26/2020;20;683,8;34,19
1550;03/02/2020;42;1226,82;29,21
1551;04/26/2020;33;974,82;29,54
1552;08/17/2020;20;577,6;28,88
1553;09/01/2020;29;1106,93;38,17
1554;10/11/2020;23;694,6;30,2
1555;10/21/2020;39;1152,06;29,54
1556;11/04/2020;20;2624;100
1557;11/17/2020;45;3685,95;81,91
1558;11/25/2020;20;703,6;35,18
1559;12/09/2020;48;9720;100
1560;01/12/2021;23;834,67;36,29
1561;02/16/2021;32;2257,92;70,56
1562;03/09/2021;33;8344,71;100
1563;04/23/2021;61;1801,94;29,54
1564;05/29/2021;45;1209,6;26,88
1565;02/24/2019;38;3155,14;83,03
1566;04/29/2019;34;2848,86;83,79
1567;07/01/2019;43;3570,29;83,03
1568;08/25/2019;47;3902,41;83,03
1569;10/10/2019;22;1474,66;67,03
1570;10/28/2019;29;2186,89;75,41
1571;11/11/2019;28;1919,4;68,55
1572;11/18/2019;40;3656;91,4
1573;12/01/2019;25;1847;73,88
1574;01/12/2020;30;1851;61,7
1575;02/20/2020;38;2633,78;69,31
1576;04/03/2020;36;3153,6;87,6
1577;05/11/2020;32;2803,2;87,6
1578;06/28/2020;37;2311,02;62,46
1579;07/23/2020;30;2399,4;79,98
1580;08/27/2020;39;2733,12;70,08
1581;09/16/2020;32;2096,32;65,51
1582;10/15/2020;47;2971,34;63,22
1583;11/02/2020;26;2257,58;86,83
1584;11/15/2020;37;3493,91;94,43
1585;11/24/2020;55;4398,9;79,98
1586;01/06/2021;21;3595,62;100
1587;02/03/2021;23;2443,29;100
1588;03/03/2021;49;3988,6;81,4
1589;04/07/2021;59;5168,4;87,6
1590;05/10/2021;32;2803,2;87,6
1591;02/11/2019;43;6341,21;100
1592;04/16/2019;41;5189,78;100
1593;06/12/2019;45;6027,75;100
1594;08/08/2019;33;3366;100
1595;09/28/2019;40;5456,4;100
1596;10/23/2019;33;3812,16;100
1597;11/07/2019;50;6083;100
1598;11/14/2019;30;3170,7;100
1599;11/26/2019;41;4534,6;100
1600;01/02/2020;35;4301,15;100
1601;02/18/2020;49;6804,63;100
1602;03/20/2020;46;5652,94;100
1603;05/07/2020;48;6960,48;100
1604;06/17/2020;36;4512,6;100
1605;07/21/2020;22;2784,76;100
1606;08/20/2020;42;5316,36;100
1607;09/09/2020;21;2941,89;100
1608;10/14/2020;29;3207,4;100
1609;10/29/2020;35;4215,05;100
1610;11/09/2020;41;4333,29;100
1611;11/21/2020;29;2087,13;71,97
1612;12/02/2020;34;1711,22;50,33
1613;01/26/2021;37;3910,53;100
1614;02/23/2021;28;2255,12;80,54
1615;03/23/2021;49;5720,75;100
1616;05/06/2021;23;3335,23;100
1617;01/09/2019;46;2472,96;53,76
1618;03/18/2019;39;1729,65;44,35
1619;05/21/2019;22;995,5;45,25
1620;09/12/2019;49;2414,72;49,28
1621;10/18/2019;43;1560,47;36,29
1622;11/05/2019;27;1112,94;41,22
1623;11/12/2019;31;1138,94;36,74
1624;11/21/2019;20;1012,4;50,62
1625;12/03/2019;24;913,92;38,08
1626;01/26/2020;49;2349,06;47,94
1627;03/02/2020;24;1161,12;48,38
1628;04/29/2020;39;1764,75;45,25
1629;06/04/2020;37;1690,9;45,7
1630;08/17/2020;45;2137,05;47,49
1631;09/03/2020;45;2177,1;48,38
1632;10/11/2020;44;1734,48;39,42
1633;10/21/2020;23;865,49;37,63
1634;11/04/2020;30;3500,1;100
1635;11/17/2020;26;2223,52;85,52
1636;11/25/2020;43;2311,68;53,76
1637;12/09/2020;26;828,36;31,86
1638;01/12/2021;28;856,52;30,59
1639;02/16/2021;27;1845,45;68,35
1640;03/09/2021;24;4042,08;100
1641;05/29/2021;40;1828;45,7
1642;01/29/2019;36;3680,28;100
1643;04/01/2019;21;2925,09;100
1644;05/28/2019;27;3415,77;100
1645;07/24/2019;47;5105,14;100
1646;09/21/2019;42;5098,8;100
1647;10/22/2019;32;4661,76;100
1648;11/06/2019;28;2969,96;100
1649;11/14/2019;24;3496,32;100
1650;11/25/2019;49;5760,93;100
1651;12/09/2019;46;6819,04;100
1652;02/04/2020;28;3148,88;100
1653;03/11/2020;48;5704,32;100
1654;05/05/2020;29;3520,6;100
1655;06/15/2020;47;5285,62;100
1656;07/20/2020;43;5605,05;100
1657;08/19/2020;25;2779,5;100
1658;09/08/2020;48;5398,08;100
1659;10/13/2020;24;3189,6;100
1660;10/22/2020;42;5581,8;100
1661;11/05/2020;31;3820,44;100
1662;11/19/2020;42;5528,04;100
1663;11/01/2020;37;5981,42;100
1664;12/10/2020;41;5684,65;100
1665;01/23/2021;20;3449,4;100
1666;02/17/2021;20;2654,4;100
1667;05/03/2021;70;8498;100
1668;05/31/2021;49;5510,54;100
1669;03/03/2019;35;2060,45;58,87
1670;05/07/2019;32;2460,16;76,88
1671;07/02/2019;29;1787,56;61,64
1672;08/25/2019;27;1645,65;60,95
1673;10/10/2019;27;2169,18;80,34
1674;11/04/2019;38;2816,18;74,11
1675;11/11/2019;35;2521,05;72,03
1676;11/19/2019;42;3199,98;76,19
1677;01/15/2020;21;1338,12;63,72
1678;02/21/2020;37;2972,58;80,34
1679;04/05/2020;26;2070,9;79,65
1680;05/26/2020;47;3092,6;65,8
1681;06/30/2020;37;2408,7;65,1
1682;08/02/2020;46;3472,54;75,49
1683;08/27/2020;38;2263,28;59,56
1684;09/30/2020;33;2194,17;66,49
1685;10/15/2020;24;1346,4;56,1
1686;11/03/2020;31;2533,63;81,73
1687;11/16/2020;42;3403,26;81,03
1688;11/24/2020;32;3307,2;100
1689;12/07/2020;41;2896,65;70,65
1690;01/06/2021;43;2632,89;61,23
1691;02/03/2021;20;2046;100
1692;03/04/2021;35;2279,55;65,13
1693;04/08/2021;27;2150,55;79,65
1694;03/18/2019;43;3360,45;78,15
1695;05/21/2019;32;2326,4;72,7
1696;09/11/2019;21;1545,6;73,6
1697;10/17/2019;20;2144,6;100
1698;11/05/2019;22;1639,22;74,51
1699;11/12/2019;36;2649,6;73,6
1700;11/20/2019;46;3845,6;83,6
1701;12/02/2019;47;4527,04;96,32
1702;01/16/2020;45;3966,3;88,14
1703;03/02/2020;47;4142,58;88,14
1704;04/13/2020;47;4441,5;94,5
1705;07/07/2020;38;3315,12;87,24
1706;08/09/2020;49;3918,53;79,97
1707;09/01/2020;35;2830,45;80,87
1708;10/06/2019;49;5298,86;100
1709;10/16/2020;28;2620,8;93,6
1710;11/04/2020;30;2181;72,7
1711;11/17/2020;39;3382,08;86,72
1712;11/29/2020;25;2876,75;100
1713;01/19/2021;40;4107,2;100
1714;02/16/2021;36;1350;37,5
1715;04/22/2021;76;7182;94,5
1716;05/29/2021;39;3933,93;100
1717;01/31/2019;44;1742,4;39,6
1718;04/01/2019;24;721,44;30,06
1719;06/03/2019;39;1489,41;38,19
1720;08/01/2019;21;891,03;42,43
1721;09/21/2019;30;1209,3;40,31
1722;10/22/2019;27;859,14;31,82
1723;11/06/2019;37;1151,44;31,12
1724;11/14/2019;42;1336,44;31,82
1725;11/25/2019;32;905,28;28,29
1726;12/09/2019;42;1247,4;29,7
1727;02/10/2020;21;846,51;40,31
1728;03/11/2020;33;1085,04;32,88
1729;05/05/2020;49;1767,43;36,07
1730;06/15/2020;31;1030,44;33,24
1731;07/20/2020;38;1585,36;41,72
1732;08/19/2020;20;813,2;40,66
1733;09/08/2020;39;1172,34;30,06
1734;10/13/2020;48;1510,56;31,47
1735;10/22/2020;39;1448,07;37,13
1736;11/05/2020;30;3338,1;100
1737;11/19/2020;33;1225,29;37,13
1738;12/01/2020;36;1336,68;37,13
1739;12/10/2020;36;2985,84;82,94
1740;01/23/2021;45;5545,8;100
1741;02/22/2021;40;6089,6;100
1742;03/15/2021;46;1789,4;38,9
1743;05/03/2021;30;1082,1;36,07
1744;05/31/2021;31;1030,44;33,24
1745;02/17/2019;49;3659,32;74,68
1746;04/28/2019;41;2443,6;59,6
1747;06/16/2019;35;2349,9;67,14
1748;08/10/2019;27;1646,19;60,97
1749;10/06/2019;23;1670,26;72,62
1750;10/23/2019;21;1467,48;69,88
1751;11/08/2019;34;2748,56;80,84
1752;11/14/2019;22;1522,4;69,2
1753;11/27/2019;48;3255,36;67,82
1754;01/09/2020;43;3535,03;82,21
1755;02/19/2020;32;2608,96;81,53
1756;05/08/2020;20;1356,4;67,82
1757;06/24/2020;24;1611,36;67,14
1758;07/21/2020;40;2603,2;65,08
1759;08/21/2020;30;2219,7;73,99
1760;09/15/2020;21;1496,25;71,25
1761;10/14/2020;25;1884;75,36
1762;11/01/2020;34;2166,14;63,71
1763;11/12/2020;48;2828,16;58,92
1764;11/23/2020;55;6214,45;100
1765;12/03/2020;25;1867;74,68
1766;01/31/2021;38;2676,72;70,44
1767;03/01/2021;39;2182,44;55,96
1768;03/30/2021;28;1611,4;57,55
1769;04/01/2021;24;1479,84;61,66
1770;05/09/2021;21;1424,22;67,82
1771;03/18/2019;46;5942,28;100
1772;05/21/2019;25;2348,75;93,95
1773;09/11/2019;34;4392,12;100
1774;10/17/2019;25;2759,75;100
1775;11/05/2019;23;2728,03;100
1776;11/12/2019;20;2395,8;100
1777;11/20/2019;23;3052,33;100
1778;12/02/2019;42;4242;100
1779;01/22/2020;27;2790,45;100
1780;03/02/2020;33;4340,49;100
1781;04/13/2020;28;2762,2;98,65
1782;07/07/2020;43;4645,72;100
1783;08/09/2020;48;5580,96;100
1784;09/01/2020;48;6539,04;100
1785;10/06/2019;45;5548,95;100
1786;10/16/2020;43;4595,41;100
1787;11/17/2020;44;1859,44;42,26
1788;11/29/2020;24;2093,76;87,24
1789;01/19/2021;31;4223,13;100
1790;02/16/2021;44;1596,76;36,29
1791;04/22/2021;59;5820,35;98,65
1792;05/29/2021;55;5296,5;96,3
1793;03/10/2019;29;930,9;32,1
1794;05/08/2019;39;1207,44;30,96
1795;07/02/2019;20;717,4;35,87
1796;09/05/2019;25;1066,75;42,67
1797;10/11/2019;42;1554;37
1798;11/05/2019;36;1277,64;35,49
1799;11/12/2019;37;1578,79;42,67
1800;11/20/2019;30;917,7;30,59
1801;12/02/2019;21;777;37
1802;01/16/2020;34;1476,28;43,42
1803;02/22/2020;42;1538,46;36,63
1804;04/12/2020;20;891,2;44,56
1805;06/01/2020;40;1706,8;42,67
1806;07/06/2020;34;1373,6;40,4
1807;08/06/2020;31;1205,59;38,89
1808;08/30/2020;36;1427,4;39,65
1809;10/05/2019;48;1649,28;34,36
1810;10/16/2020;33;1383,03;41,91
1811;11/04/2020;37;1229,51;33,23
1812;11/17/2020;27;1140,48;42,24
1813;11/24/2020;39;1575,6;40,4
1814;12/07/2020;36;1386,72;38,52
1815;01/12/2021;36;5018,4;100
1816;02/10/2021;41;5856,85;100
1817;03/04/2021;37;4894,73;100
1818;04/14/2021;47;2094,32;44,56
1819;05/17/2021;15;640,05;42,67
1820;02/11/2019;44;3193,52;72,58
1821;04/28/2019;35;3066,7;87,62
1822;06/12/2019;41;3883,11;94,71
1823;08/08/2019;49;4814,25;98,25
1824;10/02/2019;31;2826,27;91,17
1825;10/23/2019;20;1593,2;79,66
1826;11/07/2019;45;3266,1;72,58
1827;11/14/2019;33;2453,55;74,35
1828;11/26/2019;47;3910,4;83,2
1829;01/02/2020;20;1788;89,4
1830;02/19/2020;47;3328,07;70,81
1831;03/29/2020;40;3788,4;94,71
1832;05/07/2020;30;3053,7;100
1833;06/17/2020;22;2005,74;91,17
1834;07/21/2020;27;2796,12;100
1835;08/20/2020;34;3159,96;92,94
1836;09/10/2020;46;3908,62;84,97
1837;10/14/2020;31;2606,48;84,08
1838;10/29/2020;24;2081,76;86,74
1839;11/09/2020;41;3519,85;85,85
1840;11/23/2020;55;10758;100
1841;12/02/2020;30;3021;100
1842;01/31/2021;33;1891,56;57,32
1843;02/23/2021;43;4208,41;97,87
1844;03/23/2021;27;2246,4;83,2
1845;05/06/2021;60;6107,4;100
1846;03/18/2019;27;1987,74;73,62
1847;05/21/2019;49;4068,96;83,04
1848;09/11/2019;31;2282,22;73,62
1849;10/17/2019;20;1541;77,05
1850;11/05/2019;24;1951,92;81,33
1851;11/12/2019;33;3107,61;94,17
1852;11/20/2019;32;2328,64;72,77
1853;12/02/2019;40;3184,8;79,62
1854;01/16/2020;27;2149,74;79,62
1855;03/02/2020;40;3184,8;79,62
1856;04/13/2020;26;2114,58;81,33
1857;07/07/2020;44;4256,56;96,74
1858;08/09/2020;33;2344,98;71,06
1859;09/01/2020;34;2328,66;68,49
1860;10/06/2019;48;3575,04;74,48
1861;10/16/2020;25;2076;83,04
1862;11/04/2020;39;3305,25;84,75
1863;11/17/2020;45;1538,55;34,19
1864;11/29/2020;24;3325,92;100
1865;01/19/2021;46;3662,52;79,62
1866;02/16/2021;44;3478,64;79,06
1867;04/22/2021;13;1057,29;81,33
1868;05/29/2021;35;3385,9;96,74
1869;03/03/2019;30;1892,1;63,07
1870;05/08/2019;34;1707,14;50,21
1871;07/02/2019;27;1785,51;66,13
1872;09/05/2019;30;2057,4;68,58
1873;10/10/2019;50;3490;69,8
1874;11/04/2019;34;1707,14;50,21
1875;11/12/2019;23;1506,96;65,52
1876;11/20/2019;48;2880,48;60,01
1877;12/02/2019;34;2206,6;64,9
1878;01/15/2020;48;2351,04;48,98
1879;02/22/2020;24;1205,04;50,21
1880;04/09/2020;47;2935,15;62,45
1881;06/01/2020;24;1263,84;52,66
1882;07/06/2020;47;2935,15;62,45
1883;08/02/2020;20;1224,6;61,23
1884;08/30/2020;20;1359,4;67,97
1885;10/04/2019;31;1822,18;58,78
1886;10/16/2020;38;2163,72;56,94
1887;11/03/2020;26;1591,98;61,23
1888;11/17/2020;25;3078,5;100
1889;11/24/2020;48;2997,6;62,45
1890;12/07/2020;44;2747,8;62,45
1891;01/06/2021;21;2447,76;100
1892;02/10/2021;46;1910,84;41,54
1893;03/04/2021;46;2430,64;52,84
1894;05/17/2021;55;2896,3;52,66
1895;02/17/2019;31;1630,6;52,6
1896;04/28/2019;20;1459,6;72,98
1897;06/16/2019;29;1716,22;59,18
1898;08/10/2019;33;2560,47;77,59
1899;10/06/2019;34;1900,26;55,89
1900;10/23/2019;32;2019,84;63,12
1901;11/08/2019;27;1988,28;73,64
1902;11/14/2019;21;1449,84;69,04
1903;11/27/2019;27;1935,09;71,67
1904;01/09/2020;36;2793,24;77,59
1905;02/19/2020;43;3025,05;70,35
1906;05/08/2020;25;1742,5;69,7
1907;06/24/2020;46;3236,1;70,35
1908;07/21/2020;24;1735,92;72,33
1909;08/21/2020;39;2795,13;71,67
1910;09/15/2020;31;1671,52;53,92
1911;10/14/2020;22;1576,74;71,67
1912;11/01/2020;47;3615,71;76,93
1913;11/12/2020;20;1459,6;72,98
1914;11/23/2020;29;2891,01;99,69
1915;12/03/2020;38;2598,44;68,38
1916;12/17/2020;34;3871,92;100
1917;01/31/2021;46;3036;66
1918;03/01/2021;35;2231,6;63,76
1919;03/30/2021;34;2436,78;71,67
1920;04/01/2021;38;2173,6;57,2
1921;05/09/2021;18;1254,6;69,7
1922;03/18/2019;37;3724,42;100
1923;05/21/2019;43;5203;100
1924;09/11/2019;27;3469,5;100
1925;10/17/2019;30;3148,2;100
1926;11/05/2019;22;2167,22;98,51
1927;11/12/2019;49;6244,07;100
1928;11/20/2019;46;5566;100
1929;12/02/2019;48;4368,96;91,02
1930;01/16/2020;46;4039,26;87,81
1931;02/26/2020;48;4420,32;92,09
1932;04/13/2020;27;2341,71;86,73
1933;07/07/2020;43;5110,98;100
1934;08/09/2020;48;6168;100
1935;09/01/2020;41;4873,26;100
1936;10/05/2019;22;2120,14;96,37
1937;10/16/2020;46;4236,14;92,09
1938;11/04/2020;21;1888,95;89,95
1939;11/17/2020;31;1152,58;37,18
1940;11/29/2020;26;2492,88;95,88
1941;01/19/2021;20;1991,6;99,58
1942;02/16/2021;34;3953,18;100
1943;04/22/2021;43;3729,39;86,73
1944;05/29/2021;26;2617,16;100
1945;02/11/2019;50;3983,5;79,67
1946;04/28/2019;35;3169,95;90,57
1947;06/12/2019;50;3899,5;77,99
1948;08/10/2019;23;1851,73;80,51
1949;10/06/2019;37;2513,41;67,93
1950;10/23/2019;29;2431,94;83,86
1951;11/08/2019;21;1514,52;72,12
1952;11/14/2019;36;3079,44;85,54
1953;11/26/2019;22;1900,36;86,38
1954;01/09/2020;22;1974,06;89,73
1955;02/19/2020;46;3703,46;80,51
1956;05/07/2020;23;1755,13;76,31
1957;06/24/2020;49;4273,29;87,21
1958;07/21/2020;48;3984,96;83,02
1959;08/20/2020;33;2407,68;72,96
1960;09/15/2020;22;1697,3;77,15
1961;10/14/2020;22;2011,02;91,41
1962;11/01/2020;25;2306,25;92,25
1963;11/09/2020;20;1845;92,25
1964;11/23/2020;42;2493,12;59,36
1965;12/02/2020;25;1508,5;60,34
1966;01/31/2021;23;2394,3;100
1967;02/28/2021;37;3164,98;85,54
1968;03/23/2021;37;3351,09;90,57
1969;04/01/2021;42;3064,32;72,96
1970;05/06/2021;51;3891,81;76,31
1971;03/03/2019;40;5448,8;100
1972;05/08/2019;43;5494,97;100
1973;07/02/2019;47;6336,07;100
1974;09/05/2019;23;2906,97;100
1975;10/11/2019;35;4767,7;100
1976;11/04/2019;34;3819,56;100
1977;11/12/2019;25;3861,75;100
1978;11/20/2019;45;6319,35;100
1979;12/02/2019;47;6996,42;100
1980;01/16/2020;49;6949,67;100
1981;02/22/2020;40;4550;100
1982;04/12/2020;29;4479,63;100
1983;06/01/2020;39;5148;100
1984;07/06/2020;24;2932,08;100
1985;08/06/2020;25;3159,75;100
1986;08/30/2020;36;4297,32;100
1987;10/05/2019;50;7723,5;100
1988;10/16/2020;45;5497,65;100
1989;11/04/2020;26;4052,88;100
1990;11/17/2020;21;3135,93;100
1991;11/24/2020;42;5013,54;100
1992;12/07/2020;32;5302,72;100
1993;01/06/2021;31;2931,98;94,58
1994;02/10/2021;33;1757,91;53,27
1995;03/04/2021;45;6763,05;100
1996;04/14/2021;76;11739,7;100
1997;05/17/2021;70;9240;100
1998;02/17/2019;50;3241,5;64,83
1999;04/28/2019;28;1968,12;70,29
2000;06/16/2019;50;4094,5;81,89
2001;08/10/2019;28;1853,32;66,19
2002;10/06/2019;44;3392,84;77,11
2003;10/28/2019;27;1971,54;73,02
2004;11/08/2019;30;2169,9;72,33
2005;11/27/2019;43;2846,17;66,19
2006;01/12/2020;29;2018,4;69,6
2007;02/19/2020;48;2718,72;56,64
2008;04/02/2020;33;1981,65;60,05
2009;05/11/2020;40;3002,4;75,06
2010;06/24/2020;48;2948,16;61,42
2011;07/23/2020;41;3357,49;81,89
2012;08/21/2020;21;1175,16;55,96
2013;09/15/2020;32;2292,8;71,65
2014;10/15/2020;43;3286,49;76,43
2015;11/01/2020;30;2333,7;77,79
2016;11/12/2020;35;2675,05;76,43
2017;11/23/2020;45;4361,4;96,92
2018;12/03/2020;34;2018,58;59,37
2019;12/17/2020;26;3710,98;100
2020;01/31/2021;39;2847;73
2021;03/01/2021;41;3006,12;73,32
2022;03/30/2021;41;2797,84;68,24
2023;04/03/2021;64;3843,2;60,05
2024;05/10/2021;18;1351,08;75,06
2025;01/06/2019;49;1689,03;34,47
2026;03/18/2019;48;1654,56;34,47
2027;05/21/2019;46;1528,58;33,23
2028;09/12/2019;26;1013,48;38,98
2029;10/18/2019;37;1442,26;38,98
2030;11/05/2019;35;1163,05;33,23
2031;11/12/2019;23;971,98;42,26
2032;11/21/2019;22;902,66;41,03
2033;12/02/2019;39;1295,97;33,23
2034;01/26/2020;44;1534,72;34,88
2035;03/02/2020;27;1185,3;43,9
2036;04/20/2020;46;1698,78;36,93
2037;08/17/2020;33;1381,05;41,85
2038;09/01/2020;33;1340,46;40,62
2039;10/06/2020;24;965,04;40,21
2040;10/21/2020;31;1093,99;35,29
2041;11/17/2020;41;3166,84;77,24
2042;11/29/2020;22;2143,68;97,44
2043;01/19/2021;46;1717,64;37,34
2044;02/16/2021;43;4086,29;95,03
2045;04/22/2021;15;553,95;36,93
2046;05/29/2021;15;652,35;43,49
2047;01/31/2019;26;2921,62;100
2048;04/04/2019;44;5568,64;100
2049;06/03/2019;20;1939,8;96,99
2050;08/01/2019;40;3784,8;94,62
2051;09/25/2019;23;2802,09;100
2052;10/22/2019;24;2384,64;99,36
2053;11/06/2019;29;2915,66;100
2054;11/14/2019;49;5795,72;100
2055;11/25/2019;34;3699,88;100
2056;12/09/2019;28;2980,6;100
2057;02/12/2020;37;5032,74;100
2058;03/15/2020;45;4737,15;100
2059;05/05/2020;46;6311,2;100
2060;07/20/2020;22;3070,54;100
2061;08/20/2020;39;4797,39;100
2062;09/08/2020;27;3832,38;100
2063;10/13/2020;36;4641,48;100
2064;10/22/2020;38;4000,26;100
2065;11/05/2020;44;5325,76;100
2066;11/20/2020;31;4618,69;100
2067;12/01/2020;23;3182,97;100
2068;12/15/2020;22;2603,04;100
2069;01/23/2021;28;1408,96;50,32
2070;02/22/2021;21;1972,11;93,91
2071;03/15/2021;37;5207,75;100
2072;05/03/2021;31;4253,2;100
2073;01/29/2019;25;2873;100
2074;03/25/2019;26;2253,68;86,68
2075;05/28/2019;34;3576,12;100
2076;07/16/2019;29;3276,13;100
2077;09/12/2019;20;1811,4;90,57
2078;10/20/2019;42;3845,1;91,55
2079;11/05/2019;22;2571,14;100
2080;11/13/2019;47;5035,11;100
2081;11/21/2019;20;2279;100
2082;12/05/2019;33;3213,87;97,39
2083;01/29/2020;39;3532,23;90,57
2084;03/10/2020;33;3406,59;100
2085;04/29/2020;40;3467,2;86,68
2086;06/14/2020;46;3628,94;78,89
2087;07/16/2020;48;4674,72;97,39
2088;08/17/2020;21;1656,69;78,89
2089;09/07/2020;45;5171,4;100
2090;10/11/2020;33;3342,57;100
2091;10/21/2020;44;4884,88;100
2092;11/05/2020;33;6267,69;100
2093;11/18/2020;39;4424,16;100
2094;11/01/2020;39;1962,09;50,31
2095;12/10/2020;41;6847;100
2096;01/20/2021;40;3476,8;86,92
2097;02/17/2021;33;4592,61;100
2098;05/30/2021;28;2208,92;78,89
2099;02/17/2019;26;1657,76;63,76
2100;04/29/2019;29;2479,21;85,49
2101;06/27/2019;46;3565,92;77,52
2102;08/25/2019;33;2797,41;84,77
2103;10/28/2019;48;3756;78,25
2104;01/12/2020;40;2840;71
2105;02/20/2020;23;1716,26;74,62
2106;04/02/2020;40;3245,6;81,14
2107;05/11/2020;37;2760,94;74,62
2108;06/28/2020;24;1808,4;75,35
2109;07/23/2020;27;1682,37;62,31
2110;08/21/2020;21;1491;71
2111;09/16/2020;23;1666,35;72,45
2112;10/15/2020;44;3666,08;83,32
2113;11/02/2020;35;2916,2;83,32
2114;11/12/2020;43;2616,98;60,86
2115;11/24/2020;40;3390,8;84,77
2116;12/04/2020;35;3146,5;89,9
2117;12/17/2020;25;1561,5;62,46
2118;02/03/2021;43;10039,6;100
2119;03/01/2021;50;3167;63,34
2120;03/30/2021;45;3521,25;78,25
2121;04/03/2021;52;4219,28;81,14
2122;05/10/2021;48;3581,76;74,62
2123;03/03/2019;31;2130,01;68,71
2124;05/08/2019;29;2063,06;71,14
2125;07/02/2019;23;2008,13;87,31
2126;09/05/2019;31;2004,77;64,67
2127;10/10/2019;23;1543,3;67,1
2128;11/04/2019;24;2269,92;94,58
2129;11/11/2019;28;1991,92;71,14
2130;11/20/2019;44;2916,76;66,29
2131;01/15/2020;22;2027,52;92,16
2132;02/22/2020;46;3235,18;70,33
2133;04/09/2020;22;2062,94;93,77
2134;05/26/2020;38;3317,78;87,31
2135;06/30/2020;47;3913,69;83,27
2136;08/02/2020;48;3608,64;75,18
2137;08/30/2020;40;3524,8;88,12
2138;09/30/2020;32;2586,88;80,84
2139;10/16/2020;49;4753,49;97,01
2140;11/03/2020;43;3684,67;85,69
2141;11/17/2020;41;5715,4;100
2142;11/24/2020;30;3098,7;100
2143;12/07/2020;28;2670,92;95,39
2144;01/06/2021;43;5154,41;100
2145;02/10/2021;41;4894,17;100
2146;03/04/2021;30;2472,6;82,42
2147;01/29/2019;31;3224,31;100
2148;04/01/2019;32;3667,52;100
2149;05/28/2019;43;4141,33;96,31
2150;07/24/2019;26;2829,58;100
2151;09/21/2019;27;3068,55;100
2152;10/21/2019;24;2634,96;100
2153;11/06/2019;22;2436,72;100
2154;11/14/2019;46;4607,36;100
2155;11/25/2019;37;3598,99;97,27
2156;12/09/2019;49;3964,1;80,9
2157;02/04/2020;21;2244,9;100
2158;03/11/2020;25;2793;100
2159;05/04/2020;37;4133,64;100
2160;06/15/2020;45;3900,6;86,68
2161;07/19/2020;32;2743,04;85,72
2162;08/19/2020;29;2402,07;82,83
2163;09/08/2020;26;2178,54;83,79
2164;10/13/2020;28;3155,04;100
2165;10/22/2020;27;2366,28;87,64
2166;11/05/2020;20;1963,6;98,18
2167;11/19/2020;44;4746,28;100
2168;11/01/2020;42;6386,94;100
2169;12/10/2020;41;4428;100
2170;01/23/2021;26;4044,04;100
2171;02/17/2021;26;2708,42;100
2172;05/01/2021;26;2904,72;100
2173;05/31/2021;41;3553,88;86,68
2174;02/24/2019;20;1858;92,9
2175;04/29/2019;22;2461,36;100
2176;06/27/2019;23;2642,01;100
2177;08/25/2019;33;3098,7;93,9
2178;10/28/2019;28;3244,36;100
2179;11/18/2019;44;4351,16;98,89
2180;01/12/2020;46;3675,86;79,91
2181;02/20/2020;21;2475,27;100
2182;04/02/2020;41;4177,49;100
2183;05/11/2020;31;3282,28;100
2184;06/28/2020;31;2477,21;79,91
2185;07/23/2020;23;1883,93;81,91
2186;08/27/2020;37;3658,93;98,89
2187;09/16/2020;26;2856,88;100
2188;10/15/2020;24;1917,84;79,91
2189;11/02/2020;47;5305,36;100
2190;11/15/2020;45;2875,95;63,91
2191;11/24/2020;55;6482,85;100
2192;12/04/2020;46;3733,82;81,17
2193;01/06/2021;50;6576,5;100
2194;02/03/2021;37;6353,27;100
2195;03/02/2021;44;4175,6;94,9
2196;04/03/2021;49;4992,61;100
2197;05/10/2021;45;4764,6;100
2198;03/03/2019;27;1173,15;43,45
2199;05/08/2019;31;1384,46;44,66
2200;07/02/2019;33;1327,59;40,23
2201;08/25/2019;31;1109,8;35,8
2202;10/10/2019;35;1239;35,4
2203;11/04/2019;26;1035,58;39,83
2204;11/11/2019;34;1545,64;45,46
2205;11/19/2019;46;1517,54;32,99
2206;01/15/2020;41;1731,84;42,24
2207;02/21/2020;43;1695,49;39,43
2208;04/05/2020;26;1045,98;40,23
2209;05/26/2020;36;1738,08;48,28
2210;06/30/2020;20;651,8;32,59
2211;08/02/2020;27;988,47;36,61
2212;08/27/2020;37;1518,11;41,03
2213;09/30/2020;24;1013,76;42,24
2214;10/16/2020;36;1549,8;43,05
2215;11/03/2020;29;1108,38;38,22
2216;11/17/2020;28;4102,56;100
2217;11/24/2020;29;3713,16;100
2218;12/07/2020;38;1513,54;39,83
2219;01/06/2021;48;2317,44;48,28
2220;02/10/2021;40;3298,4;82,46
2221;03/04/2021;41;1826,96;44,56
2222;04/08/2021;30;1206,9;40,23
2223;01/31/2019;35;1666,7;47,62
2224;04/01/2019;28;1560,44;55,73
2225;06/03/2019;45;2337,75;51,95
2226;08/01/2019;24;1103,76;45,99
2227;09/21/2019;41;2617,85;63,85
2228;10/22/2019;48;2207,52;45,99
2229;11/06/2019;50;3165,5;63,31
2230;11/14/2019;33;2071,41;62,77
2231;11/25/2019;32;1385,28;43,29
2232;12/09/2019;27;1621,62;60,06
2233;02/10/2020;35;1931,65;55,19
2234;03/11/2020;23;1244,53;54,11
2235;05/05/2020;35;1704,5;48,7
2236;06/15/2020;40;1753,2;43,83
2237;07/20/2020;35;1666,7;47,62
2238;08/19/2020;31;1710,89;55,19
2239;09/08/2020;50;2326,5;46,53
2240;10/13/2020;40;2316;57,9
2241;10/22/2020;38;1727,1;45,45
2242;11/05/2020;38;8844,12;100
2243;11/19/2020;40;2424;60,6
2244;12/01/2020;33;1535,49;46,53
2245;12/15/2020;36;6358,68;100
2246;01/23/2021;20;1329,4;66,47
2247;02/22/2021;32;1701,76;53,18
2248;03/15/2021;36;2259,72;62,77
2249;05/03/2021;19;925,3;48,7
2250;05/31/2021;11;482,13;43,83
2251;01/31/2019;49;3227,63;65,87
2252;04/11/2019;27;1711,26;63,38
2253;06/03/2019;29;2054,36;70,84
2254;08/08/2019;42;3131,94;74,57
2255;09/25/2019;33;1681,35;50,95
2256;10/22/2019;44;2351,36;53,44
2257;11/06/2019;22;1408;64
2258;11/14/2019;48;2445,6;50,95
2259;11/25/2019;33;1804,44;54,68
2260;12/09/2019;45;2544,75;56,55
2261;02/12/2020;20;1056,4;52,82
2262;03/15/2020;46;2801,4;60,9
2263;05/05/2020;40;1988,4;49,71
2264;07/20/2020;45;2908,35;64,63
2265;08/20/2020;36;2147,4;59,65
2266;09/08/2020;31;2099,63;67,73
2267;10/14/2020;46;2315,18;50,33
2268;10/22/2020;35;2327,15;66,49
2269;11/05/2020;28;5377,4;100
2270;11/20/2020;31;2626,01;84,71
2271;12/02/2020;27;4406,4;100
2272;12/15/2020;22;4301,22;100
2273;01/23/2021;30;2986,5;99,55
2274;02/22/2021;44;1587,08;36,07
2275;03/15/2021;30;1808,4;60,28
2276;05/05/2021;24;1193,04;49,71
2277;01/29/2019;45;3403,35;75,63
2278;03/26/2019;23;1575,96;68,52
2279;05/28/2019;26;1630,2;62,7
2280;07/24/2019;28;1701,28;60,76
2281;09/19/2019;49;2850,82;58,18
2282;10/21/2019;49;2692,06;54,94
2283;11/06/2019;29;2174,42;74,98
2284;11/13/2019;49;3167,36;64,64
2285;11/25/2019;39;2142,66;54,94
2286;12/05/2019;36;2117,52;58,82
2287;02/04/2020;39;2419,95;62,05
2288;03/11/2020;30;2191,2;73,04
2289;05/04/2020;44;3043,04;69,16
2290;06/15/2020;20;1228,2;61,41
2291;07/19/2020;21;1330,35;63,35
2292;08/19/2020;36;2792,52;77,57
2293;09/08/2020;32;2296;71,75
2294;10/11/2020;36;2629,44;73,04
2295;10/22/2020;34;1912,16;56,24
2296;11/05/2020;48;8209,44;100
2297;11/18/2020;33;2431,77;73,69
2298;11/01/2020;31;3139,99;100
2299;12/10/2020;36;5669,64;100
2300;01/20/2021;25;3160,25;100
2301;02/17/2021;48;6799,68;100
2302;05/01/2021;27;1867,32;69,16
2303;05/31/2021;44;2702,04;61,41
2304;02/17/2019;33;2406,36;72,92
2305;04/29/2019;29;2094,67;72,23
2306;06/27/2019;49;2797,9;57,1
2307;08/13/2019;20;1637,2;81,86
2308;10/28/2019;31;2281,91;73,61
2309;01/12/2020;39;2307,24;59,16
2310;02/20/2020;20;1320,8;66,04
2311;04/02/2020;34;2642,82;77,73
2312;05/11/2020;50;3061;61,22
2313;06/24/2020;40;3164,4;79,11
2314;07/23/2020;28;1791,16;63,97
2315;08/21/2020;50;4093;81,86
2316;09/16/2020;28;2234,4;79,8
2317;10/15/2020;46;3037,84;66,04
2318;11/01/2020;24;1419,84;59,16
2319;11/12/2020;24;1948,08;81,17
2320;11/24/2020;39;2307,24;59,16
2321;12/04/2020;40;1780,4;44,51
2322;12/17/2020;49;3544,17;72,33
2323;02/03/2021;44;3619,44;82,26
2324;03/03/2021;35;3918,95;100
2325;03/30/2021;22;1483,02;67,41
2326;04/03/2021;62;4819,26;77,73
2327;05/10/2021;26;1591,72;61,22
2328;03/03/2019;31;3669,78;100
2329;05/07/2019;25;2168,5;86,74
2330;07/02/2019;30;2694;89,8
2331;08/25/2019;27;3251,34;100
2332;10/10/2019;23;2347,15;100
2333;11/04/2019;34;3920,88;100
2334;11/11/2019;22;2514,6;100
2335;11/19/2019;42;3600,24;85,72
2336;01/15/2020;37;4040,03;100
2337;02/21/2020;30;3336,9;100
2338;04/05/2020;27;3113,64;100
2339;05/26/2020;25;2832;100
2340;06/30/2020;34;3330,98;97,97
2341;08/02/2020;38;4304,64;100
2342;08/27/2020;26;2600,26;100
2343;09/30/2020;38;4382,16;100
2344;10/15/2020;50;4235;84,7
2345;11/03/2020;22;2626,8;100
2346;11/17/2020;32;5026,56;100
2347;11/24/2020;31;2201,62;71,02
2348;12/07/2020;40;4326,8;100
2349;01/07/2021;22;3425,18;100
2350;02/03/2021;41;4701,88;100
2351;03/04/2021;45;2204,1;48,98
2352;04/08/2021;45;5189,4;100
2353;02/17/2019;39;1565,85;40,15
2354;04/29/2019;49;2480,38;50,62
2355;06/27/2019;27;1355,13;50,19
2356;08/10/2019;34;1246,44;36,66
2357;10/08/2019;20;820,4;41,02
2358;10/28/2019;48;2492,64;51,93
2359;12/01/2019;29;1113,6;38,4
2360;01/12/2020;43;1763,86;41,02
2361;02/20/2020;41;1896,66;46,26
2362;04/02/2020;41;1449,35;35,35
2363;05/11/2020;36;1869,48;51,93
2364;06/24/2020;49;1860,53;37,97
2365;07/23/2020;38;1724,82;45,39
2366;08/21/2020;33;1713,69;51,93
2367;09/15/2020;26;1259,44;48,44
2368;10/15/2020;47;2051,08;43,64
2369;11/01/2020;34;1617,38;47,57
2370;11/12/2020;34;1765,62;51,93
2371;11/24/2020;40;2024,8;50,62
2372;12/04/2020;40;3288,4;82,21
2373;12/17/2020;33;2725,47;82,59
2374;02/03/2021;49;3224,2;65,8
2375;03/03/2021;27;3211,38;100
2376;03/30/2021;49;1796,34;36,66
2377;04/03/2021;56;1979,6;35,35
2378;05/10/2021;37;1921,41;51,93
2379;01/31/2019;33;3705,24;100
2380;04/04/2019;27;2843,91;100
2381;06/03/2019;46;6176,42;100
2382;08/01/2019;44;5500,44;100
2383;09/21/2019;26;3220,1;100
2384;10/22/2019;48;4556,16;94,92
2385;11/06/2019;23;3114,89;100
2386;11/14/2019;45;4948,2;100
2387;11/25/2019;49;5161,17;100
2388;12/09/2019;28;2657,76;94,92
2389;02/12/2020;37;3983,05;100
2390;03/15/2020;34;3974,94;100
2391;05/05/2020;22;2928,42;100
2392;06/15/2020;29;3054,57;100
2393;07/20/2020;34;3345,26;98,39
2394;08/20/2020;38;4310,72;100
2395;09/08/2020;41;4983,14;100
2396;10/13/2020;42;4618,32;100
2397;10/22/2020;28;3403,12;100
2398;11/05/2020;38;5190,42;100
2399;11/20/2020;23;3141,57;100
2400;12/02/2020;31;2213,4;71,4
2401;12/15/2020;46;4896,7;100
2402;01/23/2021;48;2714,4;56,55
2403;02/22/2021;29;3087,05;100
2404;03/17/2021;46;5692,96;100
2405;05/03/2021;26;3460,86;100
2406;05/31/2021;18;1895,94;100
2407;01/31/2019;32;1705,92;53,31
2408;04/16/2019;21;1033,41;49,21
2409;06/03/2019;46;3179,52;69,12
2410;08/08/2019;42;2091,18;49,79
2411;09/28/2019;31;1779,71;57,41
2412;10/22/2019;38;2537,64;66,78
2413;11/06/2019;38;2448,72;64,44
2414;11/14/2019;20;972,4;48,62
2415;11/26/2019;46;2856,14;62,09
2416;01/02/2020;30;1968,3;65,61
2417;02/12/2020;30;2056,2;68,54
2418;03/15/2020;43;2242,02;52,14
2419;05/05/2020;49;3128,65;63,85
2420;07/20/2020;43;2443,26;56,82
2421;08/20/2020;37;2470,86;66,78
2422;09/08/2020;35;1927,45;55,07
2423;10/14/2020;34;2051,56;60,34
2424;10/22/2020;38;2337,38;61,51
2425;11/05/2020;44;5932,96;100
2426;11/21/2020;21;2296,77;100
2427;12/02/2020;44;6490,88;100
2428;12/15/2020;25;1623,25;64,93
2429;01/26/2021;24;1405,92;58,58
2430;02/22/2021;38;2282,28;60,06
2431;03/17/2021;45;8977,05;100
2432;05/05/2021;51;3256,35;63,85
2433;03/03/2019;34;2821,66;82,99
2434;05/07/2019;44;3293,4;74,85
2435;07/02/2019;44;4224;96
2436;08/25/2019;38;3091,68;81,36
2437;10/10/2019;31;2219,6;71,6
2438;11/04/2019;48;3866,4;80,55
2439;11/11/2019;21;1964,76;93,56
2440;11/19/2019;40;2668,8;66,72
2441;01/15/2020;40;3222;80,55
2442;02/21/2020;50;3864,5;77,29
2443;04/05/2020;20;1366,8;68,34
2444;05/26/2020;48;3475,68;72,41
2445;06/30/2020;47;4206,5;89,5
2446;08/02/2020;21;1486,38;70,78
2447;08/27/2020;39;3077,88;78,92
2448;09/30/2020;44;3544,2;80,55
2449;10/15/2020;28;2483,04;88,68
2450;11/03/2020;45;3478,05;77,29
2451;11/17/2020;20;3657,8;100
2452;11/24/2020;38;4682,36;100
2453;12/09/2020;26;3937,7;100
2454;01/07/2021;44;4984,32;100
2455;02/03/2021;49;5406,66;100
2456;03/04/2021;22;3491,18;100
2457;04/08/2021;31;2118,54;68,34
2458;02/11/2019;41;2897,47;70,67
2459;04/28/2019;25;1916,75;76,67
2460;06/12/2019;31;1860;60
2461;08/08/2019;41;2624;64
2462;09/28/2019;43;2780,81;64,67
2463;10/23/2019;43;3239,62;75,34
2464;11/07/2019;24;1824;76
2465;11/14/2019;21;1134;54
2466;11/26/2019;23;1487,41;64,67
2467;01/02/2020;38;2837,46;74,67
2468;02/19/2020;31;1942,77;62,67
2469;03/29/2020;36;2544,12;70,67
2470;05/07/2020;36;2568,24;71,34
2471;06/17/2020;34;2108;62
2472;07/21/2020;21;1372,14;65,34
2473;08/20/2020;45;3540,15;78,67
2474;09/10/2020;26;1958,84;75,34
2475;10/14/2020;50;2700;54
2476;10/29/2020;41;2542;62
2477;11/09/2020;39;2340;60
2478;11/23/2020;22;2816,44;100
2479;12/02/2020;46;3526,82;76,67
2480;01/31/2021;44;4627,92;100
2481;02/28/2021;25;1933,5;77,34
2482;03/23/2021;39;2600,13;66,67
2483;05/06/2021;37;2639,58;71,34
2484;02/17/2019;31;3312,97;100
2485;04/29/2019;47;3863,87;82,21
2486;06/27/2019;24;1863,36;77,64
2487;08/10/2019;36;3945,96;100
2488;10/08/2019;48;4954,08;100
2489;10/28/2019;28;2762,2;98,65
2490;12/01/2019;48;3989,76;83,12
2491;01/12/2020;21;1649,55;78,55
2492;02/20/2020;25;2534,75;100
2493;04/02/2020;25;2580,25;100
2494;05/11/2020;31;2831,54;91,34
2495;06/24/2020;40;3361,2;84,03
2496;07/23/2020;32;2864,32;89,51
2497;08/21/2020;24;1994,88;83,12
2498;09/15/2020;42;4296,6;100
2499;10/15/2020;21;2224,95;100
2500;11/01/2020;34;2795,14;82,21
2501;11/12/2020;27;2762,1;100
2502;11/24/2020;30;2658;88,6
2503;12/04/2020;39;5043,87;100
2504;12/17/2020;20;1210,8;60,54
2505;02/03/2021;37;3029,19;81,87
2506;03/03/2021;46;10066,6;100
2507;03/30/2021;47;4121,43;87,69
2508;04/03/2021;11;1135,31;100
2509;05/10/2021;23;2100,82;91,34
2510;02/11/2019;29;2034,35;70,15
2511;04/16/2019;38;3027,84;79,68
2512;06/06/2019;32;3104;97
2513;08/08/2019;43;3612,43;84,01
2514;09/28/2019;31;2711,88;87,48
2515;10/21/2019;29;3013,97;100
2516;11/07/2019;31;2738,54;88,34
2517;11/14/2019;30;2832;94,4
2518;11/26/2019;50;4720;94,4
2519;01/02/2020;40;3222;80,55
2520;02/18/2020;23;2231;97
2521;03/20/2020;26;2296,84;88,34
2522;05/07/2020;40;4157,2;100
2523;07/21/2020;21;2146,2;100
2524;08/20/2020;43;3724,23;86,61
2525;09/09/2020;29;2084,81;71,89
2526;10/14/2020;38;3488,78;91,81
2527;10/22/2020;23;1753,06;76,22
2528;11/10/2020;20;3469,2;100
2529;11/21/2020;36;2530,8;70,3
2530;12/02/2020;28;2924,32;100
2531;01/26/2021;44;4496,8;100
2532;02/23/2021;49;6397,44;100
2533;03/28/2021;32;2577,6;80,55
2534;05/06/2021;34;3533,62;100
2535;02/17/2019;30;3177,3;100
2536;04/28/2019;29;2730,06;94,14
2537;06/16/2019;22;1891,78;85,99
2538;08/10/2019;26;2612,48;100
2539;10/06/2019;32;2925,76;91,43
2540;10/23/2019;29;2940,02;100
2541;11/08/2019;34;3293,24;96,86
2542;11/14/2019;24;2389,68;99,57
2543;11/26/2019;24;2172,48;90,52
2544;01/09/2020;33;2927,43;88,71
2545;02/19/2020;26;2659,54;100
2546;05/08/2020;40;3838;95,95
2547;06/24/2020;44;4142,16;94,14
2548;07/21/2020;24;2172,48;90,52
2549;08/20/2020;20;1882,8;94,14
2550;09/15/2020;34;3477,86;100
2551;10/14/2020;34;3323,84;97,76
2552;11/01/2020;45;4195,8;93,24
2553;11/12/2020;41;4156,58;100
2554;11/23/2020;55;3918,75;71,25
2555;12/03/2020;23;2352,67;100
2556;12/17/2020;24;1089,36;45,39
2557;01/31/2021;32;2701,12;84,41
2558;03/01/2021;29;2487,04;85,76
2559;03/30/2021;36;3910,32;100
2560;04/01/2021;46;4038,8;87,8
2561;05/09/2021;32;3070,4;95,95
2562;02/17/2019;34;3763,46;100
2563;04/29/2019;24;2584,8;100
2564;06/16/2019;40;4427,6;100
2565;08/10/2019;26;2152,02;82,77
2566;10/06/2019;20;2353,4;100
2567;10/28/2019;31;3431,39;100
2568;11/08/2019;22;1930,5;87,75
2569;11/27/2019;42;4774,56;100
2570;01/12/2020;26;2592,72;99,72
2571;02/19/2020;37;3246,75;87,75
2572;04/02/2020;38;3372,5;88,75
2573;05/11/2020;35;3909,15;100
2574;06/24/2020;33;2994,75;90,75
2575;07/23/2020;39;4472,52;100
2576;08/21/2020;45;4576,95;100
2577;09/15/2020;24;2441,04;100
2578;10/15/2020;35;3106,25;88,75
2579;11/01/2020;23;2706,41;100
2580;11/12/2020;37;4021,53;100
2581;11/24/2020;55;4826,25;87,75
2582;12/03/2020;49;4935,28;100
2583;12/17/2020;26;2754,7;100
2584;02/03/2021;33;3856,71;100
2585;03/01/2021;37;3102,08;83,84
2586;03/30/2021;22;1908,72;86,76
2587;04/03/2021;85;7543,75;88,75
2588;05/10/2021;22;2457,18;100
2589;02/11/2019;31;2038,87;65,77
2590;04/28/2019;38;2499,26;65,77
2591;06/12/2019;45;3838,05;85,29
2592;08/10/2019;31;2643,99;85,29
2593;10/02/2019;36;2315,88;64,33
2594;10/23/2019;46;3225,06;70,11
2595;11/07/2019;32;2451,84;76,62
2596;11/14/2019;39;2254,98;57,82
2597;11/26/2019;50;3939,5;78,79
2598;01/02/2020;46;3424,7;74,45
2599;02/19/2020;36;2914,2;80,95
2600;03/29/2020;29;2389,6;82,4
2601;05/07/2020;32;2428,48;75,89
2602;06/17/2020;44;3021,48;68,67
2603;07/21/2020;42;2610,72;62,16
2604;08/20/2020;47;3091,19;65,77
2605;09/10/2020;44;2576,2;58,55
2606;10/14/2020;43;3232,31;75,17
2607;11/01/2020;48;3573,6;74,45
2608;11/10/2020;21;2022,51;96,31
2609;11/23/2020;50;3717,5;74,35
2610;12/02/2020;29;2185,15;75,35
2611;01/31/2021;41;2883,53;70,33
2612;03/01/2021;37;5017,57;100
2613;03/28/2021;22;1463;66,5
2614;05/06/2021;31;2352,59;75,89
2615;01/29/2019;42;4460,82;100
2616;04/01/2019;42;4758,18;100
2617;05/28/2019;45;4597,2;100
2618;07/24/2019;36;4114,8;100
2619;09/19/2019;20;2104;100
2620;10/21/2019;39;3195,27;81,93
2621;11/06/2019;42;3611,16;85,98
2622;11/13/2019;23;2000,77;86,99
2623;11/25/2019;26;2314,26;89,01
2624;12/05/2019;33;3871,89;100
2625;02/04/2020;31;2728;88
2626;03/11/2020;50;5614;100
2627;05/04/2020;44;4628,8;100
2628;06/15/2020;45;3641,4;80,92
2629;07/19/2020;46;4048;88
2630;08/19/2020;27;2321,46;85,98
2631;09/08/2020;28;3256,96;100
2632;10/11/2020;40;4208;100
2633;10/22/2020;30;2973,9;99,13
2634;11/05/2020;34;4248,3;100
2635;11/20/2020;46;9558,8;100
2636;11/01/2020;32;2650,56;82,83
2637;12/10/2020;27;3761,37;100
2638;01/23/2021;34;4301,34;100
2639;02/17/2021;34;1864,56;54,84
2640;05/01/2021;34;3576,8;100
2641;05/31/2021;46;3722,32;80,92
2642;02/17/2019;32;3986,56;100
2643;04/29/2019;24;3417,12;100
2644;06/27/2019;27;2691,09;99,67
2645;08/25/2019;20;2752,6;100
2646;10/28/2019;36;4527,72;100
2647;11/18/2019;29;3957,05;100
2648;01/12/2020;25;2818;100
2649;02/20/2020;29;3199,86;100
2650;04/02/2020;25;2402,75;96,11
2651;05/11/2020;44;6055,72;100
2652;06/28/2020;47;5465,16;100
2653;07/23/2020;48;6378,72;100
2654;08/27/2020;45;5392,8;100
2655;09/16/2020;35;3986,5;100
2656;10/15/2020;31;4009,23;100
2657;11/02/2020;50;7119;100
2658;11/12/2020;33;4072,2;100
2659;11/24/2020;29;4094,51;100
2660;12/04/2020;48;3302,4;68,8
2661;12/17/2020;44;3186,48;72,42
2662;02/03/2021;25;1668,25;66,73
2663;03/03/2021;50;7154,5;100
2664;03/30/2021;23;2810,83;100
2665;04/03/2021;21;2018,31;96,11
2666;05/10/2021;41;5642,83;100
2667;02/17/2019;44;3273,6;74,4
2668;04/29/2019;43;3268;76
2669;08/10/2019;28;2688;96
2670;10/06/2019;43;3715,2;86,4
2671;10/28/2019;48;4608;96
2672;12/01/2019;38;3131,2;82,4
2673;01/12/2020;31;2678,4;86,4
2674;02/20/2020;26;1747,2;67,2
2675;04/02/2020;32;2944;92
2676;05/11/2020;44;2956,8;67,2
2677;06/24/2020;27;2052;76
2678;07/23/2020;43;3164,8;73,6
2679;08/21/2020;25;1740;69,6
2680;09/15/2020;22;1777,6;80,8
2681;10/15/2020;21;1831,2;87,2
2682;11/01/2020;48;3609,6;75,2
2683;11/12/2020;33;2112;64
2684;11/24/2020;34;3644,12;100
2685;12/04/2020;43;3523,85;81,95
2686;12/17/2020;44;5001,92;100
2687;02/03/2021;44;5208,72;100
2688;03/01/2021;32;3018,88;94,34
2689;03/30/2021;29;1902,4;65,6
2690;04/03/2021;77;7084;92
2691;05/10/2021;39;2620,8;67,2
2692;02/11/2019;39;3164,46;81,14
2693;04/21/2019;36;4219,2;100
2694;06/12/2019;42;3828,3;91,15
2695;08/08/2019;21;2334,99;100
2696;09/28/2019;50;4407,5;88,15
2697;10/23/2019;24;2812,8;100
2698;11/07/2019;44;4055,04;92,16
2699;11/14/2019;37;3891,66;100
2700;11/26/2019;27;2488,32;92,16
2701;01/02/2020;37;4447,4;100
2702;02/19/2020;38;4187,22;100
2703;03/20/2020;48;4615,68;96,16
2704;05/07/2020;30;3245,4;100
2705;06/17/2020;25;2203,75;88,15
2706;07/21/2020;40;3446;86,15
2707;08/20/2020;22;1939,3;88,15
2708;09/10/2020;34;3473,78;100
2709;10/14/2020;32;2884,8;90,15
2710;10/29/2020;31;2670,65;86,15
2711;11/10/2020;43;3440;80
2712;11/21/2020;31;2770,78;89,38
2713;12/02/2020;31;2397,54;77,34
2714;01/31/2021;34;3275,56;96,34
2715;03/01/2021;45;4143,6;92,08
2716;03/28/2021;48;5192,64;100
2717;05/06/2021;28;3029,04;100
2718;02/11/2019;22;2556,18;100
2719;04/16/2019;45;3753,9;83,42
2720;06/12/2019;30;2562,3;85,41
2721;08/08/2019;38;3245,58;85,41
2722;09/28/2019;20;2204,6;100
2723;10/23/2019;28;3003;100
2724;11/07/2019;24;2526,48;100
2725;11/14/2019;22;1747,9;79,45
2726;11/26/2019;35;3267,25;93,35
2727;01/02/2020;33;2818,53;85,41
2728;02/19/2020;31;2955,54;95,34
2729;03/20/2020;35;2885,05;82,43
2730;05/07/2020;35;3162,95;90,37
2731;06/17/2020;50;4071,5;81,43
2732;07/21/2020;26;2969,46;100
2733;08/20/2020;38;3396,44;89,38
2734;09/10/2020;45;4692,6;100
2735;10/14/2020;30;3515,7;100
2736;10/29/2020;37;3380,69;91,37
2737;11/10/2020;37;3204,57;86,61
2738;11/21/2020;36;2588,04;71,89
2739;12/02/2020;25;2854,75;100
2740;01/31/2021;37;4025,6;100
2741;03/01/2021;30;2864,4;95,48
2742;03/28/2021;36;3789,72;100
2743;05/06/2021;27;2439,99;90,37
2744;02/17/2019;48;2949,12;61,44
2745;04/28/2019;26;1539,72;59,22
2746;06/16/2019;26;2213,38;85,13
2747;08/10/2019;34;2919,58;85,87
2748;10/06/2019;44;3778,28;85,87
2749;10/28/2019;39;3233,49;82,91
2750;11/08/2019;45;3431,25;76,25
2751;11/27/2019;40;2546,8;63,67
2752;01/12/2020;42;2953,86;70,33
2753;02/19/2020;43;3183,29;74,03
2754;04/02/2020;34;2466,7;72,55
2755;05/11/2020;38;2363,22;62,19
2756;06/24/2020;35;2487,45;71,07
2757;07/23/2020;31;2249,05;72,55
2758;08/21/2020;32;2061,12;64,41
2759;09/15/2020;47;4071,14;86,62
2760;10/15/2020;39;2656,29;68,11
2761;11/01/2020;44;2736,36;62,19
2762;11/12/2020;39;3348,93;85,87
2763;11/23/2020;50;2893;57,86
2764;12/03/2020;22;1661,22;75,51
2765;12/17/2020;35;4277,35;100
2766;01/31/2021;45;2502,9;55,62
2767;03/01/2021;44;3801,6;86,4
2768;03/30/2021;36;3144,96;87,36
2769;04/03/2021;28;2031,4;72,55
2770;05/10/2021;43;2674,17;62,19
2771;02/17/2019;48;2526,72;52,64
2772;04/28/2019;28;1348,76;48,17
2773;06/16/2019;21;875,91;41,71
2774;08/10/2019;37;1874,05;50,65
2775;10/06/2019;34;1671,44;49,16
2776;10/23/2019;40;1668,4;41,71
2777;11/08/2019;45;2301,75;51,15
2778;11/14/2019;28;1459,92;52,14
2779;11/26/2019;29;1209,59;41,71
2780;01/09/2020;48;2145,12;44,69
2781;02/19/2020;31;1416,39;45,69
2782;05/08/2020;32;1843,52;57,61
2783;06/24/2020;21;1199,31;57,11
2784;07/21/2020;32;1875,2;58,6
2785;08/20/2020;43;2477,23;57,61
2786;09/15/2020;21;948,99;45,19
2787;10/14/2020;34;1823,42;53,63
2788;11/01/2020;34;1485,8;43,7
2789;11/15/2020;44;3789,72;86,13
2790;11/23/2020;27;2060,37;76,31
2791;12/03/2020;49;2579,36;52,64
2792;12/17/2020;23;2189,6;95,2
2793;01/31/2021;25;1624,25;64,97
2794;03/01/2021;50;4357,5;87,15
2795;03/30/2021;34;1367,48;40,22
2796;04/01/2021;20;1122,4;56,12
2797;05/09/2021;42;2419,62;57,61
2798;02/11/2019;25;1419,5;56,78
2799;04/16/2019;50;2184;43,68
2800;06/12/2019;32;2079,04;64,97
2801;08/08/2019;39;1724,97;44,23
2802;09/28/2019;50;3003;60,06
2803;10/23/2019;38;1846,42;48,59
2804;11/07/2019;40;2009,2;50,23
2805;11/14/2019;28;1804,04;64,43
2806;11/26/2019;42;2109,66;50,23
2807;01/02/2020;42;2682,96;63,88
2808;02/19/2020;36;2280,24;63,34
2809;03/20/2020;24;1192,56;49,69
2810;05/07/2020;23;1506,96;65,52
2811;06/17/2020;29;1472,62;50,78
2812;07/21/2020;37;1696,82;45,86
2813;08/20/2020;33;1693,56;51,32
2814;09/09/2020;32;1921,92;60,06
2815;10/14/2020;35;2082,85;59,51
2816;10/29/2020;40;2227,6;55,69
2817;11/10/2020;37;3209,38;86,74
2818;11/21/2020;42;4080,72;97,16
2819;12/02/2020;20;2244,4;100
2820;01/31/2021;29;3978,51;100
2821;03/01/2021;43;5417,57;100
2822;03/28/2021;34;2116,16;62,24
2823;05/06/2021;47;3079,44;65,52