0;S10_1678;0
1;S10_1949;1
2;S10_2016;0
3;S10_4698;0
4;S10_4757;1
5;S10_4962;1
6;S12_1099;1
7;S12_1108;1
8;S12_1666;2
9;S12_2823;0
10;S12_3148;1
11;S12_3380;1
12;S12_3891;1
13;S12_3990;1
14;S12_4473;2
15;S12_4675;1
16;S18_1097;2
17;S18_1129;1
18;S18_1342;3
19;S18_1367;3
20;S18_1589;1
21;S18_1662;4
22;S18_1749;3
23;S18_1889;1
24;S18_1984;1
25;S18_2238;1
26;S18_2248;3
27;S18_2319;2
28;S18_2325;3
29;S18_2432;2
30;S18_2581;4
31;S18_2625;0
32;S18_2795;3
33;S18_2870;1
34;S18_2949;3
35;S18_2957;3
36;S18_3029;5
37;S18_3136;3
38;S18_3140;3
39;S18_3232;1
40;S18_3259;6
41;S18_3278;1
42;S18_3320;3
43;S18_3482;1
44;S18_3685;1
45;S18_3782;0
46;S18_3856;3
47;S18_4027;1
48;S18_4409;3
49;S18_4522;3
50;S18_4600;2
51;S18_4668;3
52;S18_4721;1
53;S18_4933;1
54;S24_1046;1
55;S24_1444;1
56;S24_1578;0
57;S24_1628;1
58;S24_1785;4
59;S24_1937;3
60;S24_2000;0
61;S24_2011;5
62;S24_2022;3
63;S24_2300;2
64;S24_2360;0
65;S24_2766;1
66;S24_2840;1
67;S24_2841;4
68;S24_2887;1
69;S24_2972;1
70;S24_3151;3
71;S24_3191;1
72;S24_3371;1
73;S24_3420;3
74;S24_3432;1
75;S24_3816;3
76;S24_3856;1
77;S24_3949;4
78;S24_3969;3
79;S24_4048;1
80;S24_4258;3
81;S24_4278;4
82;S24_4620;1
83;S32_1268;2
84;S32_1374;0
85;S32_2206;0
86;S32_2509;2
87;S32_3207;6
88;S32_3522;2
89;S32_4289;3
90;S32_4485;0
91;S50_1341;3
92;S50_1392;2
93;S50_1514;6
94;S50_4713;0
95;S700_1138;5
96;S700_1691;4
97;S700_1938;5
98;S700_2047;5
99;S700_2466;4
100;S700_2610;5
101;S700_2824;1
102;S700_2834;4
103;S700_3167;4
104;S700_3505;5
105;S700_3962;5
106;S700_4002;4
107;S72_1253;4
108;S72_3212;5
